TOP,BOTTOM,STRATIGRAPHY_SYM,LITHOLOGY,MYUWI
0,15,Q,"piaski,żwiry,gliny",MY78
15,157.5,Jo,"margle,wapienie",MY78
157.5,239,Jkl3,"mułowce wapniste,piaskowce",MY78
239,287.5,Jkl1,"mułowce wapniste,iłowce,margle",MY78
287.5,385,Jbt,"mułowce,iłowce,piaskowce",MY78
385,477,Jbj3,"mułowce,iłowce,piaskowce",MY78
477,581,J2L,"mułowce,iłowce,piaskowce",MY78
581,632,Jto3,"piaskowce,mułowce,iłowce,węgle",MY78
632,716,Jto1,"piaskowce,mułowce,iłowce,węgle",MY78
716,982,Jpl3,"piaskowce,mułowce,iłowce",MY78
982,1063.5,Jpl1,"piaskowce,mułowce,iłowce",MY78
1063.5,1215,Js3,"piaskowce,mułowce,iłowce",MY78
1215,1410,Js1,"piaskowce,mułowce,iłowce",MY78
1410,1929,Jh,"piaskowce,mułowce,iłowce",MY78
1929,2301,T1,"iłowce,mułowce,piaskowce dolomityczne",MY78
2301,3041,Z4+Z3,,MY78
3047,3059,A2,,MY78
3059,3063,Ca2,,MY78
3041,3047,Na2,,MY78
0,14,Q,"gliny,piaski,żwiry",MY84
14,32.5,J3,"łupki,piaskowce",MY84
32.5,152.5,Jkl,"piaskowce,łupki,mułowce",MY84
152.5,293,Jbt,mułowce,MY84
293,358,Jbj3,"łupki,piaskowce,mułowce",MY84
358,553,Jbj1,"piaskowce,łupki,mułowce",MY84
553,585,Ja,"piaskowce,łupki",MY84
585,682,Jto3,"piaskowce,łupki",MY84
682,715.5,Jto1,"łupki,piaskowce,mułowce",MY84
715.5,1023.5,Jpl3,"piaskowce,łupki",MY84
1023.5,1076,Jpl1,iłowce,MY84
1076,1292.5,Js3,"piaskowce,łupki,mułowce",MY84
1292.5,1660,Js1,"łupki,piaskowce,mułowce",MY84
1660,1930,Jh,"piaskowce,łupki,mułowce",MY84
1930,2044.5,TRe,"łupki,piaskowce,mułowce",MY84
2044.5,3057,Na2,(nieokreślone),MY84
3057,3065.5,A2,(nieokreślone),MY84
3065.5,3119.6,Ca2,"wapienie,dolomity",MY84
3119.6,3215,A1G,(nieokreślone),MY84
3215,3250,Na1,(nieokreślone),MY84
3250,3292.5,A1D,(nieokreślone),MY84
3292.5,3300,Ca1,(nieokreślone),MY84
3300,3300.5,I1,(nieokreślone),MY84
3300.5,3364,Ps,mułowce,MY84
0,10,Q,"gliny,piaski,żwiry",MY83
10,34,J3,mułowce,MY83
34,98,Jkl3,"piaskowce,iłowce",MY83
98,157,Jkl1,"mułowce,piaskowce",MY83
157,185,Jbt3,mułowce,MY83
185,259,Jbt2,mułowce,MY83
259,271.5,Jbt1,mułowce,MY83
271.5,395,Jbj3,"łupki,mułowce",MY83
395,577.5,Jbj1,"piaskowce,łupki",MY83
577.5,620,Ja,piaskowce,MY83
620,705,Jto3,"piaskowce,łupki",MY83
705,749,Jto1,"łupki,piaskowce,mułowce",MY83
749,1033.5,Jpl3,"piaskowce,łupki,mułowce",MY83
1033.5,1125,Jpl1,"łupki,mułowce",MY83
1125,1280.5,Js3,"piaskowce,iłowce",MY83
1280.5,1306,Js1,"iłowce,mułowce",MY83
1306,1397,Tp3,"piaskowce,łupki,mułowce",MY83
1397,1829,Tp2,"piaskowce,łupki,mułowce",MY83
1829,2205.5,Tp1,"łupki,mułowce",MY83
2205.5,2206,A4G,(nieokreślone),MY83
2206,2285,Na4,(nieokreślone),MY83
2285,2287,A4D,(nieokreślone),MY83
2287,2307.5,I4,(nieokreślone),MY83
2307.5,3025.5,Na2,(nieokreślone),MY83
3025.5,3037,A2,(nieokreślone),MY83
3037,3039,Ca2,wapienie,MY83
0,16,Q,"gliny,piaski",MY82
16,26,J3,mułowce,MY82
26,148.5,Jkl,"iłowce,mułowce,piaskowce",MY82
148.5,296.5,Jbt,mułowce,MY82
296.5,393,Jbj3,"iłowce,mułowce",MY82
393,567,Jbj1,"iłowce,mułowce,piaskowce",MY82
567,602,Ja,piaskowce,MY82
602,637,Jto3,"piaskowce,iłowce",MY82
637,720,Jto1,"iłowce,mułowce,piaskowce",MY82
720,1042,Jpl3,"iłowce,mułowce,piaskowce",MY82
1042,1093,Jpl1,"iłowce,mułowce,piaskowce",MY82
1093,1304.5,Js3,"iłowce,mułowce,piaskowce",MY82
1304.5,1535,Js1,"iłowce,mułowce,piaskowce",MY82
1535,2093,TRe,"iłowce,mułowce,piaskowce",MY82
2093,2127.5,Tk,"iłowce,mułowce",MY82
2127.5,2295,T2,"iłowce,wapienie",MY82
2295,2390,Tp3,"iłowce,mułowce,piaskowce",MY82
2390,2492.5,Na3,(nieokreślone),MY82
2492.5,2649.5,A3,(nieokreślone),MY82
2649.5,2659,Ca3,(nieokreślone),MY82
2659,2663,A2G,(nieokreślone),MY82
2663,3209.5,Na2,(nieokreślone),MY82
3209.5,3221,A2,(nieokreślone),MY82
3221,3224.1,Ca2,wapienie,MY82
0,16,Q,"piaski,żwiry",MY81
16,26,J3,mułowce,MY81
26,152.5,Jkl,"mułowce,piaskowce",MY81
152.5,295,Jbt,"iłowce,mułowce,piaskowce",MY81
295,393,Jbj3,"mułowce,piaskowce",MY81
393,567,Jbj1,"iłowce,mułowce,piaskowce",MY81
567,602,Ja,"iłowce,mułowce",MY81
602,698,Jto3,"piaskowce,iłowce",MY81
698,747,Jto1,"iłowce,mułowce",MY81
747,1042,Jpl3,"iłowce,mułowce,piaskowce",MY81
1042,1095,Jpl1,"iłowce,mułowce",MY81
1095,1280,Js3,"piaskowce,iłowce",MY81
1280,1534,Js1,"piaskowce,iłowce",MY81
1534,1725,Jh,"piaskowce,iłowce",MY81
1725,2150,Tp1,"iłowce,mułowce",MY81
2150,2159,A4G,(nieokreślone),MY81
2159,2236.5,Na4,(nieokreślone),MY81
2236.5,2238,A4D,(nieokreślone),MY81
2238,2249.5,I4,(nieokreślone),MY81
2249.5,3068,Na2,(nieokreślone),MY81
3068,3079.2,A2,(nieokreślone),MY81
3079.2,3128,Ca2,"wapienie,dolomity",MY81
0,20,Q,"gliny,piaski,żwiry",MY80
20,30,J3,iłowce,MY80
30,170,Jkl,mułowce,MY80
170,285,Jbt,"łupki,mułowce",MY80
285,385,Jbj3,"łupki,piaskowce,mułowce",MY80
385,665,Jbj1,"łupki,piaskowce,mułowce",MY80
665,686.5,Ja,"łupki,piaskowce,mułowce",MY80
686.5,697,Jto3,"piaskowce,łupki",MY80
697,722,Jto1,"łupki,mułowce",MY80
722,786,Jpl3,"piaskowce,łupki",MY80
786,820,Jpl1,"łupki,piaskowce,mułowce",MY80
820,863,Js3,"łupki,mułowce",MY80
863,942,Js1,"łupki,mułowce",MY80
942,1142.5,Jh,"łupki,mułowce",MY80
1142.5,1187,TRe,"łupki,mułowce",MY80
1187,1221,Tk,"łupki,mułowce",MY80
1221,1326.5,T2,wapienie,MY80
1326.5,1508.5,Tp3,"łupki,piaskowce,mułowce",MY80
1508.5,1921.5,Tp2,iłowce,MY80
1921.5,2289,Tp1,"łupki,piaskowce,mułowce",MY80
2289,2298.5,A4G,(nieokreślone),MY80
2298.5,2394,Na4,(nieokreślone),MY80
2394,2395.5,A4D,(nieokreślone),MY80
2395.5,2414,I4,(nieokreślone),MY80
2414,2560,Na3,(nieokreślone),MY80
2560,2587,A3,(nieokreślone),MY80
2587,2595,Ca3,(nieokreślone),MY80
2595,2595.5,A2G,(nieokreślone),MY80
2595.5,3048,Na2,(nieokreślone),MY80
3048,3067,A2,(nieokreślone),MY80
3067,3075,Ca2,wapienie,MY80
0,22,Q,"gliny,piaski,żwiry",MY77
22,31,J3,margle,MY77
31,216.5,Jkl,"iłowce,mułowce,piaskowce",MY77
216.5,303,Jbt,"iłowce,mułowce",MY77
303,377,Jbj3,"iłowce,mułowce",MY77
377,531,Jbj1,"piaskowce,iłowce",MY77
531,553,Ja,"iłowce,mułowce,piaskowce",MY77
553,587,Jto3,piaskowce,MY77
587,615,Jto1,"iłowce,mułowce",MY77
615,848,Jpl3,"piaskowce,iłowce",MY77
848,895,Jpl1,"iłowce,mułowce",MY77
895,1035,Js3,iłowce,MY77
1035,1154.5,Js1,iłowce,MY77
1154.5,1347.5,Jh,"iłowce,mułowce",MY77
1347.5,1369.5,TRe,"iłowce,mułowce,piaskowce",MY77
1369.5,1396,Tk,"iłowce,mułowce",MY77
1396,1539.5,T2,"iłowce,wapienie",MY77
1539.5,1697.5,Tp3,"iłowce,mułowce,piaskowce",MY77
1697.5,2184,Tp2,"iłowce,mułowce,piaskowce",MY77
2184,2546,Tp1,"iłowce,mułowce,piaskowce",MY77
2546,2552,A4G,(nieokreślone),MY77
2552,2636,Na4,(nieokreślone),MY77
2636,2637,A4D,(nieokreślone),MY77
2637,2661,I4,(nieokreślone),MY77
2661,2775,Na3,(nieokreślone),MY77
2775,2877,A3,(nieokreślone),MY77
2877,2885.5,Ca3,(nieokreślone),MY77
2885.5,2892.5,A2G,(nieokreślone),MY77
2892.5,3058,Na2,(nieokreślone),MY77
3058,3077,A2,(nieokreślone),MY77
3077,3152.5,Ca2,dolomity,MY77
3152.5,3260,A1G,(nieokreślone),MY77
3260,3298,Na1,(nieokreślone),MY77
3298,3339,A1D,(nieokreślone),MY77
3339,3347,Ca1,wapienie,MY77
3347,3348,I1,(nieokreślone),MY77
3348,3496,Ps,"iłowce,mułowce,piaskowce",MY77
3496,3987,Pa,zlepieńce,MY77
3987,4000,C,wapienie,MY77
0,10,Q,"gliny,piaski,żwiry",MY76
10,156,Jkl,"piaskowce,łupki,mułowce",MY76
156,301,Jbt,"łupki,mułowce",MY76
301,398,Jbj3,"łupki,mułowce",MY76
398,578,Jbj1,"łupki,mułowce",MY76
578,609,Ja,iłowce,MY76
609,707,Jto3,"piaskowce,łupki",MY76
707,745,Jto1,"łupki,mułowce",MY76
745,1056,Jpl3,"piaskowce,łupki",MY76
1056,1109,Jpl1,"łupki,piaskowce,mułowce",MY76
1109,1308,Js3,iłowce,MY76
1308,1465.5,Js1,"piaskowce,łupki",MY76
1465.5,1610,Jh,"łupki,piaskowce",MY76
1610,1680.5,Tp2,"łupki,piaskowce,mułowce",MY76
1680.5,2132.5,Tp1,"łupki,mułowce",MY76
2132.5,2204,Na4,(nieokreślone),MY76
2204,2207,I4,(nieokreślone),MY76
2207,3024.5,Na2,(nieokreślone),MY76
3024.5,3036.7,A2,(nieokreślone),MY76
3036.7,3069,Ca2,wapienie,MY76
811,910,Tk3D,"iłowce,gipsy,anhydryty",MY35
910,991,Tk1,"iłowce,mułowce",MY35
991,1015,Tm3,"margle,iłowce margliste",MY35
1015,1045,Tm2,"margle,wapienie,dolomity",MY35
1045,1125,Tm1,"margle,wapienie,dolomity",MY35
1125,1278,Tp3,"piaskowce,mułowce",MY35
94,186,Jpl3,"piaskowce,mułki,iłowce,węgle brunatne",MY35
1278,1712,Tp2,"iłowce,mułowce,wapienie,gipsy,anhydryty",MY35
1712,2057,Tp1,,MY35
2057,2058,A4G,,MY35
2058,2125,Na4,,MY35
2125,2126,A4D,,MY35
2126,2129,I4,,MY35
2129,2232,Na3,"sole kamienne,anhydryty",MY35
2232,2250,A3,,MY35
2250,2255,Ca3,,MY35
2255,2256,I3,,MY35
2256,2258,A2G,,MY35
2258,2307,Na2,,MY35
2307,2320,A2,,MY35
2320,2345,Ca2,,MY35
2345,2356,A1G,,MY35
0,40,Q,"żwiry,piaski,gliny",MY35
186,392.5,Jpl1,"piaskowce,mułki,iłowce,węgle brunatne",MY35
392.5,456,Js3,"piaskowce,mułowce,iłowce,węgle brunatne",MY35
456,556,Js1,"piaskowce,mułowce,iłowce,węgle brunatne",MY35
556,684,Jh3+Jh1,"piaskowce,mułowce,iłowce,węgle brunatne",MY35
684,741,TRe3,"iłowce,mułowce,piaskowce",MY35
40,94,Jto1,"iłowce,mułki szare zielone",MY35
741,811,TRe1,"iłowce,mułowce",MY35
852,978,Tk3D,"iłowce,gipsy,anhydryty",MY36
978,1036,Tk1,"iłowce,mułowce",MY36
1036,1061,Tm3,margle,MY36
1061,1091,Tm2,"margle,wapienie",MY36
1091,1169,Tm1,"wapienie,dolomity",MY36
0,22,Q,"żwiry,piaski,gliny",MY36
1169,1358,Tp3,"piaskowce,mułowce,iłowce",MY36
1358,1737.5,Tp2,"piaskowce,mułowce,iłowce",MY36
1737.5,2054,Tp1,"iłowce,iłołupki,dolomity,wapienie",MY36
2054,2065,IP,,MY36
2065,2067.5,A4G,,MY36
2067.5,2125,Na4,"sole kamienne,iły czerwone",MY36
2125,2126.5,A4D,,MY36
2126.5,2138,I4,,MY36
2138,2140,A3G,,MY36
2140,2185,Na3,"sole kamienne,anhydryty",MY36
2185,2187.5,A3,,MY36
2187.5,2201.5,Ca3+I3,,MY36
2201.5,2205.5,A2G,,MY36
2205.5,2362,Na2,,MY36
2362,2370,A2,,MY36
2370,2398,Ca2,,MY36
2398,2430,A1G,anhydryty,MY36
106,231,Jpl3,"piaskowce,mułowce,iłowce,węgle brunatne",MY36
231,375,Jpl1,"piaskowce,mułki,iłowce,węgle brunatne",MY36
375,490,Js3,"piaskowce,mułowce,iłowce,węgle brunatne",MY36
490,598,Js1,"piaskowce,mułowce,iłowce,węgle brunatne",MY36
598,718,Jh3+Jh1,"piaskowce,mułowce,iłowce,węgle brunatne",MY36
718,781,TRe3,"iłowce,mułowce,piaskowce",MY36
22,106,Jto3,"iłowce,mułki szare zielone",MY36
781,852,TRe1,"iłowce,mułowce",MY36
0,42,Q,"gliny,piaski,żwiry",MY75
42,168.5,J2,piaskowce,MY75
168.5,214.5,Jto3,piaskowce,MY75
214.5,261.5,Jto1,iłowce,MY75
261.5,420,Jpl3,piaskowce,MY75
420,664,Jpl1,piaskowce,MY75
664,881,Js+Jh,iłowce,MY75
881,1072.5,Tk3D,iłowce,MY75
1072.5,1266,Tk1,iłowce,MY75
1266,1396,T2,iłowce,MY75
1396,1545.5,Tp3,iłowce,MY75
1545.5,1977,Tp2,piaskowce,MY75
1977,2304,Tp1,iłowce,MY75
2304,2305.5,A4G,(nieokreślone),MY75
2305.5,2405.5,Na4,(nieokreślone),MY75
2405.5,2406.5,A4D,(nieokreślone),MY75
2406.5,2415.5,I4,(nieokreślone),MY75
2415.5,2590.5,Na3,(nieokreślone),MY75
2590.5,2605,A3,(nieokreślone),MY75
2605,2613,Ca3,(nieokreślone),MY75
2613,2616,A2G,(nieokreślone),MY75
2616,2709,Na2,(nieokreślone),MY75
2709,2714,A2,(nieokreślone),MY75
2714,2759,Ca2,dolomity,MY75
2759,2918,A1G,(nieokreślone),MY75
2918,2991.5,Na1,(nieokreślone),MY75
2991.5,3055,A1D,(nieokreślone),MY75
3055,3060,Ca1,wapienie dolomityczne anhydrytowe,MY75
3060,3060.6,I1,iłowce wapniste czarne,MY75
3060.6,3061.5,Ps,zlepieńce,MY75
3061.5,3084.5,Pa,(nieokreślone),MY75
3084.5,3198,Cw,piaskowce,MY75
0,51.5,Q,"gliny,piaski,żwiry",MY74
51.5,203,J2,piaskowce,MY74
203,235,Jto3,piaskowce,MY74
235,286.5,Jto1,iłowce,MY74
286.5,462.5,Jpl3,piaskowce,MY74
462.5,712.5,Jpl1,iłowce,MY74
712.5,956.5,Js+Jh,iłowce,MY74
956.5,1130.5,TRe,iłowce,MY74
1130.5,1245,Tk3,iłowce,MY74
1245,1427,Tk1,iłowce,MY74
1427,1564.5,T2,"wapienie,dolomity",MY74
1564.5,1638,Tp3,iłowce,MY74
1638,1962.5,Tp2,piaskowce,MY74
1962.5,2290,Tp1,iłowce,MY74
2290,2349,Na4,(nieokreślone),MY74
2349,2350,A4D,(nieokreślone),MY74
2350,2358,I4,(nieokreślone),MY74
2358,2508,Na3,(nieokreślone),MY74
2508,2516,A3,(nieokreślone),MY74
2516,2541,Ca3,(nieokreślone),MY74
2541,2546,A2G,(nieokreślone),MY74
2546,2729,Na2,(nieokreślone),MY74
2729,2736,A2,(nieokreślone),MY74
2736,2770,Ca2,dolomity,MY74
2770,2943.5,A1G,(nieokreślone),MY74
2943.5,2972.5,Na1G,(nieokreślone),MY74
2972.5,2997,A1S,(nieokreślone),MY74
2997,3004,Na1D,(nieokreślone),MY74
3004,3070,A1D,(nieokreślone),MY74
3070,3074.3,Ca1,wapienie,MY74
3074.3,3075,I1,(nieokreślone),MY74
3075,3077.5,Ps,zlepieńce,MY74
3077.5,3310,Cw,"piaskowce,zlepieńce",MY74
2978.5,3068.4,A1D,(nieokreślone),MY73
3068.4,3072.4,Ca1,(nieokreślone),MY73
3072.4,3073,I1,(nieokreślone),MY73
3101,3259,Cw,"piaskowce,łupki,mułowce",MY73
3073,3074.5,Ps,zlepieńce,MY73
3074.5,3101,Pa,"porfiry,tufy",MY73
0,40,Q,"gliny,piaski,żwiry",MY73
40,157.5,J2,"łupki,piaskowce,mułowce",MY73
157.5,202.5,Jto3,"piaskowce,łupki",MY73
202.5,252.5,Jto1,"łupki,mułowce",MY73
252.5,419,Jpl3,"piaskowce,łupki,mułowce",MY73
419,654.5,Jpl1,"łupki,piaskowce,mułowce",MY73
654.5,817.5,Js+Jh,"łupki,piaskowce,mułowce",MY73
817.5,975.5,TRe,"łupki,mułowce",MY73
975.5,1039.5,Tk3D,"anhydryty,łupki",MY73
1039.5,1233,Tk1,"łupki,mułowce",MY73
1233,1362.5,T2,"wapienie,łupki",MY73
1362.5,1513.5,Tp3,"łupki,mułowce",MY73
1513.5,1944.5,Tp2,"piaskowce,łupki,mułowce",MY73
1944.5,2279.5,Tp1,"wapienie,łupki",MY73
2279.5,2281.5,A4G,(nieokreślone),MY73
2281.5,2392.5,Na4,(nieokreślone),MY73
2392.5,2395.5,A4D,(nieokreślone),MY73
2395.5,2426.5,I4,(nieokreślone),MY73
2426.5,2510.5,Na3,(nieokreślone),MY73
2510.5,2610.5,A3,(nieokreślone),MY73
2610.5,2617.5,Ca3,(nieokreślone),MY73
2617.5,2621,A2G,(nieokreślone),MY73
2621,2690.5,Na2,(nieokreślone),MY73
2690.5,2696,A2,(nieokreślone),MY73
2696,2739.5,Ca2,dolomity,MY73
2739.5,2914.5,A1G,(nieokreślone),MY73
2914.5,2978.5,Na1,(nieokreślone),MY73
0,55,Q,"gliny,piaski,żwiry",MY72
55,207.5,Jbj,"piaskowce,łupki,mułowce",MY72
207.5,232.5,Ja,"piaskowce,syderyty",MY72
232.5,277.5,Jto3,"piaskowce,łupki",MY72
277.5,350,Jto1,"łupki,mułowce",MY72
350,468,Jpl3,"piaskowce,łupki,mułowce",MY72
468,697.5,Jpl1,"łupki,piaskowce,mułowce",MY72
697.5,912,J1,"łupki,piaskowce",MY72
912,1032.5,TRe,"łupki,piaskowce,mułowce",MY72
1032.5,1098,Tk3D,"anhydryty,łupki",MY72
1098,1295,Tk1,"łupki,piaskowce,mułowce",MY72
1295,1423.5,T2,"wapienie,łupki",MY72
1423.5,1574,Tp3,"łupki,piaskowce,mułowce",MY72
1574,2006,Tp2,"piaskowce,łupki,mułowce",MY72
2006,2334,Tp1,"łupki,piaskowce,mułowce",MY72
2334,2364,Na4,(nieokreślone),MY72
2364,2365,A4D,(nieokreślone),MY72
2365,2369.5,I4,(nieokreślone),MY72
2369.5,2535,Na3,(nieokreślone),MY72
2535,2631.5,A3,(nieokreślone),MY72
2631.5,2640,Ca3,(nieokreślone),MY72
2640,2643,A2G,(nieokreślone),MY72
2643,2729.5,Na2,(nieokreślone),MY72
2729.5,2742.5,A2,(nieokreślone),MY72
2742.5,2785,Ca2,dolomity,MY72
2785,2988.5,A1G,(nieokreślone),MY72
2988.5,2993,Na1,(nieokreślone),MY72
2993,3072,A1D,(nieokreślone),MY72
3072,3075.5,Ca1,(nieokreślone),MY72
3075.5,3081.5,Ps,"piaskowce,zlepieńce",MY72
3081.5,3305,Cw,"piaskowce,łupki",MY72
0,75,Q,"gliny,piaski",MY71
75,100,Jp3,"łupki,margle",MY71
100,126,Jp2,"margle,wapienie",MY71
126,217,Jo,wapienie oolitowe,MY71
217,298.1,Jkl3,"łupki,mułowce",MY71
298.1,337,Jkl1,mułowce,MY71
337,357,Jbt3,"łupki,mułowce",MY71
357,379,Jbt2,mułowce,MY71
379,397,Jbt1,mułowce,MY71
397,490,Jbj,piaskowce,MY71
490,733,Jto3,piaskowce,MY71
733,809.5,Jto1,"piaskowce,łupki",MY71
809.5,897.5,Jpl3,"łupki,piaskowce",MY71
897.5,1075,Jpl1,"łupki,piaskowce",MY71
1075,1236.5,Js,"piaskowce,łupki",MY71
1236.5,1424,Jh,piaskowce,MY71
1424,1538.5,TRe3,iłowce,MY71
1538.5,1667,TRe1,iłowce,MY71
1667,1785,Tk3,iłowce,MY71
1785,1909,Tk1,"łupki,piaskowce",MY71
1909,1927.5,Tm3,"łupki,piaskowce",MY71
1927.5,1963,Tm2,"anhydryty,łupki",MY71
1963,2030,Tm1,wapienie,MY71
2030,2047,Tp3,dolomity,MY71
2047,2200.2,Na2,(nieokreślone),MY71
2200.2,2271,Na3,(nieokreślone),MY71
2271,2802,Na2,(nieokreślone),MY71
2802,2806,A2,(nieokreślone),MY71
2806,2814,Ca2,wapienie,MY71
2814,2819.1,A1G,(nieokreślone),MY71
0,62.5,Q+Tr,"gliny,piaski",MY70
62.5,276.5,J2,"piaskowce,łupki,mułowce",MY70
276.5,1490.5,J1,"piaskowce,łupki",MY70
1490.5,2623,Na2,(nieokreślone),MY70
2623,2626,A2,(nieokreślone),MY70
2626,2628,I3,(nieokreślone),MY70
2628,2634,Ca3,(nieokreślone),MY70
2634,2644,A3,(nieokreślone),MY70
2644,2658,Kz2,(nieokreślone),MY70
2658,2792,Na2D,(nieokreślone),MY70
2792,2895,A2,(nieokreślone),MY70
2895,2915,Ca2,wapienie,MY70
2915,2950,A1G,(nieokreślone),MY70
2950,3004.5,Na1,(nieokreślone),MY70
3004.5,3034,A1D,(nieokreślone),MY70
3034,3045.5,Ca1,wapienie,MY70
3045.5,3046,I1,iłowce,MY70
3046,3136,Ps,"piaskowce,zlepieńce",MY70
3136,3141.2,Pa,(nieokreślone),MY70
0,30,Q,"piaski,żwiry",MY69
30,80,Jp,"piaskowce,margle",MY69
80,201,Jo,"wapienie,piaskowce",MY69
201,268,Jkl,mułowce,MY69
268,346,Jbt,iłowce,MY69
346,447,Jbj,piaskowce,MY69
447,540,Jpl3,"piaskowce,łupki,mułowce",MY69
540,911,Jpl1,mułowce,MY69
911,1132.5,Js+Jh,piaskowce,MY69
1132.5,1391.5,TRe,"łupki,mułowce",MY69
1391.5,1417.5,Tk3T,"piaskowce,łupki",MY69
1417.5,1550.5,Tk3D,iłowce,MY69
1550.5,1736,Tk1,iłowce,MY69
1736,1832,T2,"łupki,mułowce",MY69
1832,1887.5,Tp3,"piaskowce,łupki",MY69
1887.5,1999.5,Z4,"anhydryty,sole",MY69
1999.5,2111,Na3,(nieokreślone),MY69
2111,2165.5,A3,(nieokreślone),MY69
2165.5,2169,Ca3,dolomity,MY69
2169,2171,I3,(nieokreślone),MY69
2171,2174,A2G,(nieokreślone),MY69
2174,2873.5,Na2,(nieokreślone),MY69
2873.5,2876.5,A2,(nieokreślone),MY69
2876.5,2889.5,Ca2,wapienie,MY69
2889.5,2963,A1G,(nieokreślone),MY69
2963,3010,Na1,(nieokreślone),MY69
3010,3056.5,A1D,(nieokreślone),MY69
3056.5,3062,Ca1,wapienie,MY69
3062,3063,I1,iłołupki,MY69
3063,3122,Ps,piaskowce,MY69
3122,3132.7,Pa,(nieokreślone),MY69
0,48,Q,"piaski,żwiry",MY68
48,60,J3,"wapienie,łupki",MY68
60,362,J2,"margle,piaskowce",MY68
362,1102,J1,"piaskowce,łupki",MY68
1102,1309,Tk3T,(nieokreślone),MY68
1309,1537.5,Tk3D,(nieokreślone),MY68
1537.5,1666,Tk1,(nieokreślone),MY68
1666,1697.5,T2,"wapienie,łupki",MY68
1697.5,1759,Tp3,piaskowce,MY68
1759,1976.5,Z4,(nieokreślone),MY68
1976.5,2008,A3,(nieokreślone),MY68
2008,2834.5,Na2,(nieokreślone),MY68
2834.5,2839.5,A2,(nieokreślone),MY68
2839.5,2858,Ca2,"wapienie,dolomity",MY68
2858,2872.4,A1G,(nieokreślone),MY68
0,75,Q,"gliny,piaski,żwiry",MY67
75,150.5,K3,"łupki,margle",MY67
150.5,153.5,K,piaskowce,MY67
153.5,180,J3,"łupki,mułowce",MY67
180,398,Jkl,"piaskowce,łupki",MY67
398,521.5,Jbt,"łupki,piaskowce",MY67
521.5,578,Jbj,"łupki,mułowce",MY67
578,689.5,Jto3,"łupki,mułowce",MY67
689.5,742,Jto1,"łupki,piaskowce",MY67
742,802.5,Jpl3,"łupki,mułowce",MY67
802.5,1098,Jpl1,"łupki,piaskowce,mułowce",MY67
1098,1188,Js+Jh,"piaskowce,łupki",MY67
1188,1325,TRe,"piaskowce,łupki",MY67
1325,1433.5,Tk1,iłowce,MY67
1433.5,1589.5,T2,"wapienie,łupki",MY67
1589.5,1745,Tp3,"łupki,piaskowce",MY67
1745,2141.5,Tp2,piaskowce,MY67
2141.5,2502,Tp1,"łupki,mułowce",MY67
2502,2502.5,A4G,(nieokreślone),MY67
2502.5,2577,Na4,(nieokreślone),MY67
2577,2581,A4D,(nieokreślone),MY67
2581,2592,I4,(nieokreślone),MY67
2592,2636,Na3,(nieokreślone),MY67
2636,2719,A3,(nieokreślone),MY67
2719,2724.5,Ca3,dolomity,MY67
2724.5,2725.5,I3,(nieokreślone),MY67
2725.5,2730.5,A2G,(nieokreślone),MY67
2730.5,2833,Na2,(nieokreślone),MY67
2833,2836,A2,(nieokreślone),MY67
2836,2883,Ca2,dolomity,MY67
2883,3102,A1G,(nieokreślone),MY67
3102,3128.5,Na1,(nieokreślone),MY67
3128.5,3182,A1D,(nieokreślone),MY67
3182,3187.5,Ca1,wapienie,MY67
3187.5,3188.5,I1,(nieokreślone),MY67
3188.5,3200.3,Pa,zlepieńce,MY67
0,70,Q,"gliny,piaski,żwiry",MY66
70,134,K3,"margle,wapienie",MY66
134,138,K1,"margle,piaskowce",MY66
138,165,J3,"margle,łupki",MY66
165,624,J2,"łupki,mułowce",MY66
624,1199,J1,"łupki,piaskowce,mułowce",MY66
1199,1288,Tk,"łupki,piaskowce,mułowce",MY66
1288,1448.5,T2,"wapienie,łupki",MY66
1448.5,1588,Tp3,"łupki,piaskowce",MY66
1588,1960,Tp2,"łupki,piaskowce,mułowce",MY66
1960,2290,Tp1,"łupki,piaskowce,mułowce",MY66
2290,2290.5,A4G,(nieokreślone),MY66
2290.5,2352,Na4,(nieokreślone),MY66
2352,2355,A4D,(nieokreślone),MY66
2355,2366,I4,(nieokreślone),MY66
2366,2499,Na3,(nieokreślone),MY66
2499,2520,A3,(nieokreślone),MY66
2520,2525.5,Ca3,(nieokreślone),MY66
2525.5,2526.5,I3,(nieokreślone),MY66
2526.5,2530,A2G,(nieokreślone),MY66
2530,2866.5,Na2,(nieokreślone),MY66
2866.5,2871,A2,(nieokreślone),MY66
2871,2877.5,Ca2,wapienie,MY66
2877.5,2981,A1G,(nieokreślone),MY66
2981,3021.5,Na1,(nieokreślone),MY66
3021.5,3071,A1D,(nieokreślone),MY66
3071,3076,Ca1,"wapienie,dolomity",MY66
3076,3077,I1,(nieokreślone),MY66
3077,3157.5,Ps,"piaskowce,zlepieńce",MY66
3157.5,3183.8,Pa,(nieokreślone),MY66
0,87.5,Q,"gliny,piaski",MY65
87.5,134.5,K3,"margle,wapienie",MY65
134.5,140,K1,"margle,łupki",MY65
140,157.5,J3,mułowce,MY65
157.5,629,J2,"łupki,piaskowce,mułowce",MY65
629,1229,J1,"piaskowce,łupki",MY65
1229,1304,Tk3,"łupki,piaskowce",MY65
1304,1451,T2,"wapienie,dolomity",MY65
1451,1471,Tp3,"piaskowce,łupki",MY65
1471,1985,Tp2,"piaskowce,łupki",MY65
1985,2325,Tp1,"anhydryty,łupki",MY65
2325,2326,A4G,(nieokreślone),MY65
2326,2391,Na4,(nieokreślone),MY65
2391,2394,A4D,(nieokreślone),MY65
2394,2405.5,I4,(nieokreślone),MY65
2405.5,2518.5,Na3,(nieokreślone),MY65
2518.5,2563.5,A3,(nieokreślone),MY65
2563.5,2569,Ca3,(nieokreślone),MY65
2569,2572.5,A2G,(nieokreślone),MY65
2572.5,2589,Kz2,(nieokreślone),MY65
2589,2883,Na2D,(nieokreślone),MY65
2883,2887,A2,(nieokreślone),MY65
2887,2893.5,Ca2,wapienie,MY65
2893.5,2983.5,A1G,(nieokreślone),MY65
2983.5,3031,Na1,(nieokreślone),MY65
3031,3078.5,A1D,(nieokreślone),MY65
3078.5,3085.5,Ca1,(nieokreślone),MY65
3085.5,3086,I1,(nieokreślone),MY65
3086,3182.4,P1,"piaskowce,zlepieńce",MY65
0,104.5,Q,"gliny,piaski,żwiry",MY64
104.5,150,K3,"margle,wapienie",MY64
150,214,K1,łupki,MY64
214,342,J3,"margle,wapienie",MY64
342,403,Jkl,"piaskowce,łupki",MY64
403,466,Jbt,"łupki,mułowce",MY64
466,653,Jbj,"łupki,piaskowce,mułowce",MY64
653,1231.5,J1,"łupki,piaskowce,mułowce",MY64
1231.5,1362.5,TRe,"łupki,mułowce",MY64
1362.5,1511,Tk,"łupki,mułowce",MY64
1511,1665.5,T2,"wapienie,łupki",MY64
1665.5,1808,Tp3,"łupki,piaskowce,mułowce",MY64
1808,2098.5,Tp2,"łupki,piaskowce,mułowce",MY64
2098.5,2340.5,Tp1,"łupki,piaskowce,mułowce",MY64
2340.5,2342,A4G,(nieokreślone),MY64
2342,2421,Na4,(nieokreślone),MY64
2421,2422,A4D,(nieokreślone),MY64
2422,2429,I4,(nieokreślone),MY64
2429,2496,Na3,(nieokreślone),MY64
2496,2528,A3,(nieokreślone),MY64
2528,2538,Ca3,(nieokreślone),MY64
2538,2540,A2G,(nieokreślone),MY64
2540,2835.5,Na2,(nieokreślone),MY64
2835.5,2839,A2,(nieokreślone),MY64
2839,2851.2,Ca2,"wapienie,łupki",MY64
2851.2,2921,A1G,(nieokreślone),MY64
2921,2962,Na1,(nieokreślone),MY64
2962,3010,A1D,(nieokreślone),MY64
3010,3016.8,Ca1,"wapienie,łupki",MY64
3016.8,3017.5,I1,łupki,MY64
3017.5,3075,Ps,"piaskowce,łupki,zlepieńce",MY64
3075,3105,Pa,(nieokreślone),MY64
0,115,Q,"piaski,żwiry",MY63
115,159.5,K3,"margle,wapienie",MY63
159.5,215.5,K1,iłowce,MY63
215.5,344,J3,"margle,wapienie",MY63
344,403,Jkl,piaskowce,MY63
403,464,Jbt,mułowce,MY63
464,645,Jbj,piaskowce,MY63
645,697.5,Jto3,piaskowce,MY63
697.5,757.5,Jto1,iłowce,MY63
757.5,924,Jpl3,piaskowce,MY63
924,1143.5,Jpl1,iłowce,MY63
1143.5,1306.5,Js,iłowce,MY63
1306.5,1435,TRe,iłowce,MY63
1435,1633.5,Tk,iłowce,MY63
1633.5,1780.5,T2,iłowce,MY63
1780.5,1932,Tp3,iłowce,MY63
1932,2100.5,Tp2,iłowce,MY63
2100.5,2145,Tp1,iłowce,MY63
2145,3011,Na2,(nieokreślone),MY63
3011,3015,A2,anhydryty,MY63
3015,3029,Ca2,wapienie,MY63
3029,3057.5,A1G,anhydryty,MY63
0,20,Q,(nieokreślone),MY62
20,102.5,J3,margle,MY62
102.5,271,J2,iłowce,MY62
271,878,J1,piaskowce,MY62
878,1087.5,TRe,iłowce,MY62
1087.5,1120,Tk3T,piaskowce,MY62
1120,1245,Tk3D,iłowce,MY62
1245,1348,Tk1,iłowce,MY62
1348,2800,Na2,(nieokreślone),MY62
2800,2804.5,A2,anhydryty,MY62
2804.5,2818.5,Ca2,wapienie,MY62
2818.5,2826,A1G,anhydryty,MY62
0,24,Q,"gliny,piaski",MY57
24,70,Tr,iłowce,MY57
70,154,Jto3,piaskowce,MY57
154,249,Jto1,"iłowce,mułowce",MY57
249,406,Jpl3,"mułowce,piaskowce",MY57
406,472.5,Jpl1,iłowce,MY57
472.5,575,Js3,piaskowce,MY57
575,677,Js1,"mułowce,piaskowce",MY57
677,816,Jh,piaskowce,MY57
816,1010,TRe,iłowce,MY57
1010,1099,Tk3D,"iłowce,mułowce",MY57
1099,1315,Tk1,"piaskowce,iłowce",MY57
1315,1462,T2,iłołupki,MY57
1462,1595,Tp3,"iłołupki,piaskowce",MY57
1595,2051.5,Tp2,"piaskowce,iłowce",MY57
2051.5,2389,Tp1,iłowce,MY57
2389,2390,A4G,(nieokreślone),MY57
2390,2468,Na4,(nieokreślone),MY57
2468,2469.5,A4D,(nieokreślone),MY57
2469.5,2488,I4,(nieokreślone),MY57
2488,2612,Na3,(nieokreślone),MY57
2612,2635,A3,(nieokreślone),MY57
2635,2640,Ca3,(nieokreślone),MY57
2640,2647,I3,(nieokreślone),MY57
2647,2650,A2G,(nieokreślone),MY57
2650,2763.5,Na2,(nieokreślone),MY57
2763.5,2769,A2,(nieokreślone),MY57
2769,2774.7,Ca2,dolomity,MY57
0,54,Q,"gliny,piaski,żwiry",MY59
54,159,Jto3,piaskowce,MY59
159,250,Jto1,(nieokreślone),MY59
250,380,Jpl3,piaskowce,MY59
380,455,Jpl1,iłowce,MY59
455,551.5,Js3,piaskowce,MY59
551.5,655,Js1,mułowce,MY59
655,830,Jh,piaskowce,MY59
830,950,TRe,iłowce,MY59
950,1056,Tk3D,iłowce,MY59
1056,1262.5,Tk1,iłowce,MY59
1262.5,1420,T2,"wapienie,dolomity",MY59
1420,1547.5,Tp3,piaskowce,MY59
1547.5,2330,Tp2,piaskowce,MY59
2330,2404,Na4,(nieokreślone),MY59
2404,2405,A4D,(nieokreślone),MY59
2405,2421,I4,(nieokreślone),MY59
2421,2651,Na3,(nieokreślone),MY59
2651,2676,A3,(nieokreślone),MY59
2676,2703.5,Ca3,dolomity,MY59
2703.5,2707.5,I3,(nieokreślone),MY59
2707.5,2708.5,A2G,(nieokreślone),MY59
2708.5,2832.5,Na2,(nieokreślone),MY59
2832.5,2840,A2,(nieokreślone),MY59
2840,2872.5,Ca2,dolomity,MY59
2872.5,2883.6,A1G,(nieokreślone),MY59
0,20,Q,"gliny,piaski,żwiry",MY58
20,54,Tr,(nieokreślone),MY58
54,160,Jto3,piaskowce,MY58
160,244,Jto1,iłowce,MY58
244,390,Jpl3,piaskowce,MY58
390,428,Jpl1,iłowce,MY58
428,555,Js3,piaskowce,MY58
555,612.5,Js1,mułowce,MY58
612.5,776,Jh,piaskowce,MY58
776,947.5,TRe,iłowce,MY58
947.5,1028,Tk3D,iłowce,MY58
1028,1234,Tk1,iłowce,MY58
1234,1385,T2,iłołupki,MY58
1385,1535,Tp3,piaskowce,MY58
1535,1992.5,Tp2,piaskowce,MY58
1992.5,2333.5,Tp1,iłowce,MY58
2333.5,2334.5,A4G,(nieokreślone),MY58
2334.5,2399.5,Na4,(nieokreślone),MY58
2399.5,2401,A4D,(nieokreślone),MY58
2401,2422,I4,(nieokreślone),MY58
2422,2571,Na3,(nieokreślone),MY58
2571,2594.5,A3,(nieokreślone),MY58
2594.5,2598,Ca3,(nieokreślone),MY58
2598,2601,I3,(nieokreślone),MY58
2601,2604,A2G,(nieokreślone),MY58
2604,2681,Na2,(nieokreślone),MY58
2681,2687,A2,(nieokreślone),MY58
2687,2714.5,Ca2,dolomity,MY58
2714.5,2919,A1G,(nieokreślone),MY58
2919,3017.5,Na1,(nieokreślone),MY58
3017.5,3078,A1D,(nieokreślone),MY58
3078,3084,Ca1,(nieokreślone),MY58
3084,3084.5,I1,(nieokreślone),MY58
3084.5,3103,Ps,(nieokreślone),MY58
0,45,Q,"gliny,piaski,żwiry",MY56
45,211,J2,"iłowce,mułowce,piaskowce",MY56
211,297.5,Jto3,"piaskowce,iłowce",MY56
297.5,335,Jto1,"iłowce,mułowce",MY56
335,515,Jpl3,"piaskowce,iłowce",MY56
515,781,Jpl1,"piaskowce,iłowce",MY56
781,929,Js+Jh,"iłowce,mułowce,piaskowce",MY56
929,1138,TRe,"iłowce,mułowce",MY56
1138,1304,Tk3D,iłowce,MY56
1304,1484,Tk1,"iłowce,mułowce",MY56
1484,1592.5,T2,iłołupki,MY56
1592.5,1744.5,Tp3,"iłowce,mułowce,piaskowce",MY56
1744.5,2202,Tp2,"iłowce,mułowce,piaskowce",MY56
2202,2524,Tp1,"iłowce,mułowce",MY56
2524,2569.5,Na4,(nieokreślone),MY56
2569.5,2570,A4D,(nieokreślone),MY56
2570,2576,I4,(nieokreślone),MY56
2576,2760,Na2,(nieokreślone),MY56
2760,2766.5,A2,(nieokreślone),MY56
2766.5,2827,Ca2,(nieokreślone),MY56
2827,3104,A1G+A1D,(nieokreślone),MY56
3104,3107.5,Ca1,(nieokreślone),MY56
3107.5,3108,I1,(nieokreślone),MY56
3108,3257,Pa,porfiry,MY56
3257,3890,Cw,"piaskowce,łupki,mułowce",MY56
4512,4520,Dfr,"wapienie,łupki",MY56
3890,4512,Dgt,"łupki,piaskowce",MY56
4520,4521,Dgt,,MY56
0,24,Q,"gliny,piaski,żwiry",MY55
24,37.5,Jbt,"łupki,mułowce",MY55
37.5,75,Jbj3,"łupki,piaskowce",MY55
75,160,Jbj1,"piaskowce,łupki,mułowce",MY55
160,175,Ja,"piaskowce,syderyty",MY55
175,224.5,Jto3,"piaskowce,łupki",MY55
224.5,289,Jto1,"łupki,mułowce",MY55
289,383.5,Jpl3,"piaskowce,łupki",MY55
383.5,751,Jpl1,"łupki,piaskowce,mułowce",MY55
751,932.5,Js+Jh,"łupki,piaskowce,mułowce",MY55
932.5,1014,TRe,(nieokreślone),MY55
1014,1078.5,Tk3D,"łupki,piaskowce",MY55
1078.5,1123,Tk1,"łupki,mułowce",MY55
1123,1267.5,T2,(nieokreślone),MY55
1267.5,1428,Tp3,"łupki,piaskowce,mułowce",MY55
1428,1870,Tp2,"piaskowce,łupki,mułowce",MY55
1870,2220,Tp1,"wapienie,łupki,piaskowce",MY55
2220,2299.5,Na4,(nieokreślone),MY55
2299.5,2300,A4D,(nieokreślone),MY55
2300,2320,I4,(nieokreślone),MY55
2320,2431.5,Na3,(nieokreślone),MY55
2431.5,2453.5,A3,(nieokreślone),MY55
2453.5,2460.5,Ca3,(nieokreślone),MY55
2460.5,2462.5,A2G,(nieokreślone),MY55
2462.5,2584,Na2,(nieokreślone),MY55
2584,2590,A2,(nieokreślone),MY55
2590,2648.5,Ca2,dolomity,MY55
2648.5,2667,A1G,(nieokreślone),MY55
0,25,Q,"gliny,piaski,żwiry",MY15
25,39,Jto3,piaskowce,MY15
39,87.5,Jto1,łupki,MY15
87.5,190,Jpl3,"piaskowce,łupki",MY15
190,547,Jpl1,"piaskowce,łupki,mułowce",MY15
547,680.5,Js+Jh,"piaskowce,łupki",MY15
680.5,819,TRe,"łupki,piaskowce",MY15
819,889,Tk3D,"łupki,piaskowce,gipsy,anhydryty",MY15
889,977.5,Tk1,"łupki,piaskowce",MY15
977.5,1112,T2,"wapienie,łupki",MY15
1112,1260,Tp3,"piaskowce,łupki",MY15
1260,1678.5,Tp2,"łupki,piaskowce,gipsy,anhydryty",MY15
1678.5,2011,Tp1,"łupki,piaskowce,mułowce",MY15
2011,2012,A4G,anhydryty,MY15
2012,2077,Na4,(nieokreślone),MY15
2077,2078.5,A4D,anhydryty,MY15
2078.5,2093,I4,łupki czerwone,MY15
2093,2218.5,Na3,(nieokreślone),MY15
2218.5,2228.5,A3,anhydryty,MY15
2228.5,2235,Ca3,iłowce,MY15
2235,2236,A2G,anhydryty,MY15
2236,2277.5,Na2,(nieokreślone),MY15
2277.5,2291.7,A2,anhydryty,MY15
2291.7,2291.8,Ca2,(nieokreślone),MY15
0,67,Q,"gliny,piaski,żwiry",MY54
67,116,Jbt,"łupki,mułowce",MY54
116,192.5,Jbj3,"łupki,piaskowce",MY54
192.5,269.5,Jto3,mułowce,MY54
269.5,380,Jto1,"łupki,mułowce",MY54
380,522,Jpl3,mułowce,MY54
522,801.5,Jpl1,"łupki,mułowce",MY54
801.5,1012,Js+Jh,"łupki,piaskowce,mułowce",MY54
1012,1066.5,TRe,"łupki,mułowce",MY54
1066.5,1100,Tk1,"łupki,piaskowce,mułowce",MY54
1100,1255,T2,(nieokreślone),MY54
1255,1405,Tp3,"piaskowce,łupki",MY54
1405,1790,Tp2,mułowce,MY54
1790,2123,Tp1,(nieokreślone),MY54
2123,2124,A4G,(nieokreślone),MY54
2124,2197,Na4,(nieokreślone),MY54
2197,2227,I4,(nieokreślone),MY54
2227,2383.5,Na3,(nieokreślone),MY54
2383.5,2406,A3,(nieokreślone),MY54
2406,2415,Ca3,(nieokreślone),MY54
2415,2417,A2G,(nieokreślone),MY54
2417,2690,Na2,(nieokreślone),MY54
2690,2700,A2,(nieokreślone),MY54
2700,2721,Ca2,dolomity,MY54
2721,2746,A1G,(nieokreślone),MY54
0,49.5,Q,"gliny,piaski,żwiry",MY52
49.5,145.5,Jbt,"iłowce,mułowce",MY52
145.5,192.5,Jbt3,"iłowce,mułowce",MY52
192.5,234,Jto3,"iłowce,mułowce",MY52
234,362,Jto1,iłowce,MY52
362,525,Jpl3,"piaskowce,iłowce",MY52
525,790,Jpl1,"iłowce,mułowce",MY52
790,992,Js+Jh,iłołupki,MY52
992,1050.5,TRe,"piaskowce,iłowce",MY52
1050.5,1072,Tk1,iłowce,MY52
1072,1224,T2,wapienie,MY52
1224,1387.5,Tp3,"piaskowce,iłowce",MY52
1387.5,1801.5,Tp2,"iłowce,mułowce,piaskowce",MY52
1801.5,2144,Tp1,"iłowce,mułowce",MY52
2144,2145.5,A4G,(nieokreślone),MY52
2145.5,2224,Na4,(nieokreślone),MY52
2224,2248.5,I4,(nieokreślone),MY52
2248.5,2417.5,Na3,(nieokreślone),MY52
2417.5,2465,A3,(nieokreślone),MY52
2465,2473,I3,(nieokreślone),MY52
2473,2474.5,A2G,(nieokreślone),MY52
2474.5,2669,Na2,(nieokreślone),MY52
2669,2679.5,A2,(nieokreślone),MY52
2679.5,2710,Ca2,dolomity,MY52
2710,2736,A1G,(nieokreślone),MY52
2637.5,2645,A2,(nieokreślone),MY51
2645,2669.5,Ca2,dolomity,MY51
2669.5,2697,A1G,(nieokreślone),MY51
0,86.5,Q,"gliny,piaski,żwiry",MY51
86.5,119,Jbt,"łupki,mułowce",MY51
119,175,Jbj3,"łupki,piaskowce",MY51
175,234,Jto3,piaskowce,MY51
234,352,Jto1,"łupki,mułowce",MY51
352,511.5,Jpl3,"piaskowce,łupki",MY51
511.5,799,Jpl1,iłowce,MY51
799,989,Js+Jh,iłowce,MY51
989,1050,TRe,iłowce,MY51
1050,1078,Tk1,"łupki,mułowce",MY51
1078,1234,T2,"wapienie,łupki",MY51
1234,1401.5,Tp3,"piaskowce,łupki,mułowce",MY51
1401.5,1810,Tp2,"piaskowce,łupki,mułowce",MY51
1810,2153,Tp1,"łupki,piaskowce,mułowce",MY51
2153,2154,A4G,(nieokreślone),MY51
2154,2229.5,Na4,(nieokreślone),MY51
2229.5,2268,I4,(nieokreślone),MY51
2268,2425,Na3,(nieokreślone),MY51
2425,2454.5,A3,(nieokreślone),MY51
2454.5,2466,Ca3,(nieokreślone),MY51
2466,2637.5,Na2,(nieokreślone),MY51
0,64,Q,"gliny,piaski,żwiry",MY50
64,150,Jbt,"iłowce,mułowce",MY50
150,201,Jbj3,piaskowce,MY50
201,262.5,Jto3,"iłowce,mułowce",MY50
262.5,408,Jto1,"iłowce,mułowce",MY50
408,528,Jpl3,"piaskowce,iłowce",MY50
528,816,Jpl1,"iłołupki,piaskowce",MY50
816,966,Js+Jh,"piaskowce,iłowce",MY50
966,1023.5,TRe,"iłołupki,piaskowce",MY50
1023.5,1077,Tk1,iłowce,MY50
1077,1231,T2,"iłowce,wapienie",MY50
1231,1403,Tp3,"iłowce,mułowce,piaskowce",MY50
1403,1816,Tp2,"iłowce,mułowce,piaskowce",MY50
1816,2157.5,Tp1,"iłowce,mułowce,piaskowce",MY50
2157.5,2159,A4G,(nieokreślone),MY50
2159,2237.5,Na4,(nieokreślone),MY50
2237.5,2262,I4,(nieokreślone),MY50
2262,2458,Na3,(nieokreślone),MY50
2458,2508,A3,(nieokreślone),MY50
2508,2527.5,Ca3,(nieokreślone),MY50
2527.5,2531.5,A2G,(nieokreślone),MY50
2531.5,2652,Na2,(nieokreślone),MY50
2652,2705.5,A2,(nieokreślone),MY50
2705.5,2726.5,Ca2,dolomity,MY50
2726.5,2948,A1G,(nieokreślone),MY50
2948,2962,Na1,(nieokreślone),MY50
2962,3007.5,A1D,(nieokreślone),MY50
3007.5,3014,Ca1,(nieokreślone),MY50
3014,3015,I1,(nieokreślone),MY50
3015,3106,Ps,zlepieńce,MY50
3106,3141.5,PaW,(nieokreślone),MY50
0,70,Q,"gliny,piaski,żwiry",MY49
70,160,Jbt,"łupki,piaskowce",MY49
160,209,Jbj,"łupki,mułowce",MY49
209,276,Jto3,"łupki,mułowce",MY49
276,400,Jto1,"łupki,piaskowce",MY49
400,501,Jpl3,"łupki,piaskowce",MY49
501,830,Jpl1,iłołupki,MY49
830,972.5,Js+Jh,"łupki,mułowce",MY49
972.5,1031,TRe,iłowce,MY49
1031,1066.5,Tk,"łupki,piaskowce",MY49
1066.5,1217,T2,"wapienie,dolomity",MY49
1217,1393,Tp3,"piaskowce,łupki",MY49
1393,1797.5,Tp2,"piaskowce,łupki",MY49
1797.5,2135,Tp1,"wapienie,łupki",MY49
2135,2136.5,A4G,(nieokreślone),MY49
2136.5,2212.5,Na4,(nieokreślone),MY49
2212.5,2255,I4,(nieokreślone),MY49
2255,2397.5,Na3,(nieokreślone),MY49
2397.5,2420,A3,(nieokreślone),MY49
2420,2426.5,Ca3,(nieokreślone),MY49
2426.5,2428.5,A2G,(nieokreślone),MY49
2428.5,2658.5,Na2,(nieokreślone),MY49
2658.5,2666,A2,(nieokreślone),MY49
2666,2667,Ca2,dolomity,MY49
0,20,Q,"piaski,żwiry",MY48
20,36,K3,margle,MY48
36,56,Jkm,mułowce,MY48
56,111,Jo,wapienie oolitowe,MY48
111,154,Jbt,iłowce,MY48
154,330,Jpl1,"łupki,piaskowce,mułowce",MY48
330,502,Js+Jh,"łupki,mułowce",MY48
502,601,Tk,"łupki,piaskowce,gipsy,anhydryty",MY48
601,690,T2,"wapienie,dolomity",MY48
690,712,Tp3,"piaskowce,łupki",MY48
712,1212.5,Tp2,"piaskowce,łupki",MY48
1212.5,1538,Tp1,"łupki,piaskowce,mułowce",MY48
1538,1539,A4G,anhydryty,MY48
1539,1595,Na4,(nieokreślone),MY48
1595,1597,A4D,anhydryty,MY48
1597,1603,I4,(nieokreślone),MY48
1603,1604,A3G,anhydryty,MY48
1604,1752.5,Na3,(nieokreślone),MY48
1752.5,1775.5,A3,anhydryty,MY48
1775.5,1783,Ca3,(nieokreślone),MY48
1783,1785,I3,(nieokreślone),MY48
1785,2709,Na2,(nieokreślone),MY48
2709,2713,A2,anhydryty,MY48
2713,2723.5,Ca2,wapienie pelityczne,MY48
2723.5,2798.5,A1G,anhydryty,MY48
2798.5,2837,Na1,(nieokreślone),MY48
2837,2886.5,A1D,anhydryty,MY48
2886.5,2894.5,Ca1,"wapienie,dolomity",MY48
2894.5,2895.5,I1,iłołupki,MY48
2895.5,3083,Ps,"piaskowce,zlepieńce",MY48
0,29,Q,"piaski,żwiry",MY46
29,46,K3,"łupki,piaskowce,mułowce",MY46
46,211,J2,"łupki,piaskowce,mułowce",MY46
211,392,Jto3,piaskowce,MY46
392,442,Jto1,"łupki,mułowce",MY46
442,558.5,Jpl3,piaskowce,MY46
558.5,923,Jpl1,"łupki,mułowce",MY46
923,1233,Js+Jh,piaskowce,MY46
1233,1318.5,Tk1,iłowce,MY46
1318.5,1479,T2,"wapienie,łupki",MY46
1479,1502,Tp3,"piaskowce,łupki",MY46
1502,2690,Na2,(nieokreślone),MY46
2690,2696,A2,(nieokreślone),MY46
2696,2707.5,Ca2,wapienie,MY46
2707.5,2784,A1G,(nieokreślone),MY46
2784,2800,Na1,(nieokreślone),MY46
2800,2845,A1D,(nieokreślone),MY46
2845,2851,Ca1,wapienie,MY46
2851,2852.5,I1,iłowce,MY46
2852.5,2921.5,Ps,"piaskowce,łupki",MY46
2921.5,2925.9,Pa,skały wylewne,MY46
0,41,Q,,MY79
41,201,J3,,MY79
201,651,J2,,MY79
651,1302.5,J1,,MY79
1302.5,1386.5,TRe+Tk,,MY79
1386.5,1661,Tp2,,MY79
1661,2235.5,Tp1,,MY79
2235.5,2372.5,Na4,iły,MY79
2372.5,2393,A4D,,MY79
2393,2407.5,I4,,MY79
2407.5,2501.5,Na3,,MY79
2501.5,2538,A3,,MY79
2538,2548,Ca3,,MY79
2548,2600,Na2G+Kz2,,MY79
2600,3036,Na2D,,MY79
3036,3046,A2,,MY79
3046,3052,Ca2,,MY79
3309.5,3392,A1G,(nieokreślone),MY45
3392,3433,Na1,(nieokreślone),MY45
4211,4722,C1,(nieokreślone),MY45
3532.5,4211,Pa,,MY45
85.5,131,Jp,,MY45
2435,2509.5,Na4,,MY45
2509.5,2511.5,A4D,,MY45
2511.5,2519.5,I4,,MY45
2644.5,2671,A3,,MY45
2671,2676,Ca3+I3,,MY45
3433,3487,A1D,,MY45
3487,3488.2,Ca1,,MY45
3488.2,3489,I1,,MY45
3489,3532.5,Ps,,MY45
0,85.5,Q,(nieokreślone),MY45
131,228.5,Jo,(nieokreślone),MY45
228.5,339.5,Jkl,(nieokreślone),MY45
339.5,420,Jbt,(nieokreślone),MY45
420,512.5,Jbj,(nieokreślone),MY45
512.5,600,Jto3,(nieokreślone),MY45
600,673,Jto1,(nieokreślone),MY45
673,840,Jpl3,(nieokreślone),MY45
840,893,Jpl1,(nieokreślone),MY45
893,1089,Js,(nieokreślone),MY45
1089,1264,Jh,(nieokreślone),MY45
1264,1367.5,TRe,(nieokreślone),MY45
1367.5,1395.5,Tm3,(nieokreślone),MY45
1395.5,1436,Tm2,(nieokreślone),MY45
1436,1542.5,Tm1,(nieokreślone),MY45
1542.5,1705.5,Tp3,(nieokreślone),MY45
1705.5,2077,Tp2,(nieokreślone),MY45
2077,2435,Tp1,(nieokreślone),MY45
2519.5,2644.5,Na3,(nieokreślone),MY45
2676,2679.5,A2G,(nieokreślone),MY45
2679,3272.5,Na2,(nieokreślone),MY45
3272.5,3279.5,A2,(nieokreślone),MY45
3279.5,3309.5,Ca2,(nieokreślone),MY45
0,42.5,Q,"gliny,piaski,żwiry",MY43
42.5,173,Jp,"łupki,margle",MY43
173,277,Jo,"wapienie,łupki",MY43
277,460,J2,"piaskowce,łupki",MY43
460,1152,J1,"piaskowce,łupki,mułowce",MY43
1152,1265,Tk,iłowce,MY43
1265,1435,T2,"wapienie,łupki",MY43
1435,1604,Tp3,"piaskowce,łupki",MY43
1604,2027.5,Tp2,"piaskowce,łupki",MY43
2027.5,2381.5,Tp1,iłowce,MY43
2381.5,2443.5,Na4,(nieokreślone),MY43
2443.5,2444,A4D,(nieokreślone),MY43
2444,2451.5,I4,(nieokreślone),MY43
2451.5,2593.5,Na3,(nieokreślone),MY43
2593.5,2611.5,A3,(nieokreślone),MY43
2611.5,2617.5,Ca3,(nieokreślone),MY43
2617.5,2620,A2G,(nieokreślone),MY43
2620,2892.5,Na2,(nieokreślone),MY43
2892.5,2896.5,A2,(nieokreślone),MY43
2896.5,2904,Ca2,wapienie,MY43
2904,2981,A1G,(nieokreślone),MY43
2981,3011,Na1,(nieokreślone),MY43
3011,3053,A1D,(nieokreślone),MY43
3053,3060,Ca1,wapienie,MY43
3060,3132.5,Ps,(nieokreślone),MY43
3132.5,3149.5,Pa,(nieokreślone),MY43
2881,2927,A1D,(nieokreślone),MY42
2927,2934.5,Ca1,wapienie,MY42
2934.5,2935,I1,(nieokreślone),MY42
2935,3088.5,Ps,piaskowce,MY42
3088.5,3100,Pa,(nieokreślone),MY42
0,42.5,Q,"piaski,żwiry",MY42
42.5,172.5,Jkm,"łupki,margle",MY42
172.5,277,Jo,"wapienie,łupki",MY42
277,350,Jkl,piaskowce,MY42
350,418.5,Jbt,mułowce,MY42
418.5,457.5,Jbj,piaskowce,MY42
457.5,1140,J1,"piaskowce,łupki,mułowce",MY42
1140,1244,Tk,iłowce,MY42
1244,1421.5,T2,"wapienie,łupki",MY42
1421.5,1559.5,Tp3,"piaskowce,łupki",MY42
1559.5,1897,Tp2,"piaskowce,łupki,mułowce",MY42
1897,2216.5,Tp1,"łupki,piaskowce",MY42
2216.5,2272.5,Na4,(nieokreślone),MY42
2272.5,2273,A4D,(nieokreślone),MY42
2273,2277.5,I4,(nieokreślone),MY42
2277.5,2411,Na3,(nieokreślone),MY42
2411,2432.5,A3,(nieokreślone),MY42
2432.5,2439,Ca3,dolomity,MY42
2439,2441.5,A2G,(nieokreślone),MY42
2441.5,2749.5,Na2,(nieokreślone),MY42
2749.5,2753.5,A2,(nieokreślone),MY42
2753.5,2760.5,Ca2,wapienie,MY42
2760.5,2836,A1G,(nieokreślone),MY42
2836,2881,Na1,(nieokreślone),MY42
0,45,Q,"piaski,żwiry",MY41
45,126,Jp,"margle,wapienie",MY41
126,219,Jo,"margle,wapienie",MY41
219,447.5,J2,"piaskowce,łupki",MY41
447.5,1176,J1,"piaskowce,łupki",MY41
1176,1220,Tk1,iłowce,MY41
1220,1307.5,T2,"wapienie,dolomity",MY41
1307.5,1461.5,Tp3,"wapienie,piaskowce",MY41
1461.5,1824,Tp2,"piaskowce,łupki",MY41
1824,2158.5,Tp1,"łupki,mułowce",MY41
2158.5,2217.5,Na4,(nieokreślone),MY41
2217.5,2220,A4D,(nieokreślone),MY41
2220,2227.5,I4,(nieokreślone),MY41
2227.5,2380,Na3,(nieokreślone),MY41
2380,2403,A3,(nieokreślone),MY41
2403,2406,Ca3,(nieokreślone),MY41
2406,2409.5,I3,(nieokreślone),MY41
2409.5,2411.5,A2G,(nieokreślone),MY41
2411.5,2734,Na2,(nieokreślone),MY41
2734,2740,A2,(nieokreślone),MY41
2740,2750,Ca2,wapienie,MY41
2750,2835,A1G,(nieokreślone),MY41
2835,2878,Na1,(nieokreślone),MY41
2878,2926,A1D,(nieokreślone),MY41
2926,2932,Ca1,"wapienie,dolomity",MY41
2932,2933.5,I1,"margle,wapienie",MY41
2933.5,2979,Ps,(nieokreślone),MY41
2979,2980,Pa,(nieokreślone),MY41
0,20,Q,"gliny,piaski,żwiry",MY47
20,36.5,Tr,"gliny,piaski,żwiry",MY47
36.5,120,Jo,(nieokreślone),MY47
120,163,Jbt,"łupki,piaskowce",MY47
163,231,Jbj,"łupki,piaskowce,mułowce",MY47
231,272,Ja,"łupki,mułowce",MY47
272,740,J1,"łupki,piaskowce,mułowce",MY47
740,810.5,Tk1,"łupki,piaskowce,mułowce",MY47
810.5,981,T2,"margle,wapienie",MY47
981,1006,Tp3,"piaskowce,łupki,mułowce",MY47
1006,1494,Tp2,"łupki,piaskowce,mułowce",MY47
1494,1840,Tp1,"łupki,piaskowce,mułowce",MY47
1840,1883.5,Na4,(nieokreślone),MY47
1883.5,1885.5,A4D,(nieokreślone),MY47
1885.5,1890,I4,(nieokreślone),MY47
1890,1890.5,A3G,(nieokreślone),MY47
1890.5,2042,Na3,(nieokreślone),MY47
2042,2076,A3,(nieokreślone),MY47
2076,2082,Ca3,(nieokreślone),MY47
2082,2083,I3,(nieokreślone),MY47
2083,2086,A2G,(nieokreślone),MY47
2086,2775,Na2,(nieokreślone),MY47
2775,2779,A2,(nieokreślone),MY47
2779,2788.4,Ca2,wapienie,MY47
2788.4,2922.4,A1G,(nieokreślone),MY47
2922.4,2932.8,Na2,(nieokreślone),MY47
2932.8,2937.4,A2,(nieokreślone),MY47
2937.4,2949.5,Ca2,wapienie,MY47
2949.5,3017.5,A1G,(nieokreślone),MY47
3017.5,3058.5,Na1,(nieokreślone),MY47
3058.5,3113.5,A1D,(nieokreślone),MY47
3113.5,3126.5,Ca1,dolomity,MY47
3126.5,3127.5,I1,(nieokreślone),MY47
3127.5,3280,Ps,(nieokreślone),MY47
0,104,Q,"gliny,piaski,żwiry",MY40
104,200,J3,"łupki,mułowce",MY40
200,328.5,Jkl,"łupki,piaskowce,mułowce",MY40
328.5,410.5,Jbt,"łupki,piaskowce,mułowce",MY40
410.5,465,Jbj3,"łupki,piaskowce,mułowce",MY40
465,545.5,Jbj1,"piaskowce,łupki,mułowce",MY40
545.5,564.5,Ja,"łupki,piaskowce,mułowce",MY40
564.5,620,Jto3,"piaskowce,łupki",MY40
620,681.5,Jto1,"łupki,mułowce",MY40
681.5,788.5,Jpl3,"piaskowce,łupki,mułowce",MY40
788.5,979.5,Jpl1,"łupki,piaskowce,mułowce",MY40
979.5,1427.5,J1,"piaskowce,łupki,mułowce",MY40
1427.5,1632.5,TRe,"łupki,mułowce",MY40
1632.5,1676,Tk3D,iłowce,MY40
1676,1809,Tk1,"łupki,piaskowce",MY40
1809,1908,T2,"margle,wapienie",MY40
1908,2066.5,Tp3,"łupki,mułowce",MY40
2066.5,2850,Na2,(nieokreślone),MY40
2850,2856,A2,(nieokreślone),MY40
2856,2869,Ca2,wapienie,MY40
2869,2958,A1G,(nieokreślone),MY40
2958,3033,Na1,(nieokreślone),MY40
3033,3083.5,A1D,(nieokreślone),MY40
3083.5,3090.5,Ca1,(nieokreślone),MY40
3090.5,3091,I1,(nieokreślone),MY40
3091,3158,Ps,piaskowce,MY40
3158,3456,PaW,(nieokreślone),MY40
3456,3583,C1,(nieokreślone),MY40
0,28,Q,"gliny,piaski,żwiry",MY39
28,94.5,J3,mułowce,MY39
94.5,238.5,Jkl,"łupki,mułowce",MY39
238.5,305.5,Jbt,"łupki,mułowce",MY39
305.5,332.5,Jbj3,"łupki,piaskowce,mułowce",MY39
332.5,449.5,Jbj1,"piaskowce,łupki,mułowce",MY39
449.5,506.5,Ja,"piaskowce,łupki,mułowce",MY39
506.5,544.5,Jto3,"piaskowce,łupki",MY39
544.5,623,Jto1,"łupki,piaskowce",MY39
623,697.5,Jpl3,"piaskowce,łupki",MY39
697.5,1138.5,Jpl1,"łupki,piaskowce,mułowce",MY39
1138.5,1362.5,Js+Jh,"łupki,piaskowce",MY39
1362.5,1620,TRe,"łupki,piaskowce",MY39
1620,1820,Tk3G,"łupki,mułowce",MY39
1820,1838,Tk3T,"łupki,piaskowce",MY39
1838,1997.5,Tk3D,"łupki,mułowce",MY39
1997.5,2146.5,Tk1,"łupki,piaskowce",MY39
2146.5,2257.5,T2,"wapienie,łupki",MY39
2257.5,2322.5,T1,"łupki,piaskowce,mułowce",MY39
2322.5,2812.5,Na2,(nieokreślone),MY39
2812.5,2817,A2,(nieokreślone),MY39
2817,2827.5,Ca2,wapienie,MY39
2827.5,2982.5,A1G,(nieokreślone),MY39
2982.5,2992,Na1,(nieokreślone),MY39
2992,3041,A1D,(nieokreślone),MY39
3041,3047,Ca1,(nieokreślone),MY39
3047,3048,I1,(nieokreślone),MY39
3048,3145,P1,zlepieńce,MY39
0,42,Q,"gliny,piaski,żwiry",MY44
42,173,Jp,"łupki,margle",MY44
173,276.5,Jo,"wapienie,łupki",MY44
276.5,458,J2,"piaskowce,łupki",MY44
458,1218.5,J1,"piaskowce,łupki,mułowce",MY44
1218.5,1342.5,Tk,iłowce,MY44
1342.5,1508.5,T2,"wapienie,łupki",MY44
1508.5,1667.5,Tp3,"piaskowce,łupki",MY44
1667.5,2035,Tp2,"piaskowce,łupki,mułowce",MY44
2035,2353.5,Tp1,iłowce,MY44
2353.5,2407.5,Na4,(nieokreślone),MY44
2407.5,2408,A4D,(nieokreślone),MY44
2408,2412.5,I4,(nieokreślone),MY44
2412.5,2546.5,Na3,(nieokreślone),MY44
2546.5,2564.5,A3,(nieokreślone),MY44
2564.5,2570,Ca3,dolomity,MY44
2570,2572.5,A2G,(nieokreślone),MY44
2572.5,2861.5,Na2,(nieokreślone),MY44
2861.5,2864.5,A2,(nieokreślone),MY44
2864.5,2872,Ca2,wapienie,MY44
2872,3042,A1G,(nieokreślone),MY44
0,23.5,Q,"piaski,żwiry",MY38
23.5,62,J3,"wapienie,łupki",MY38
62,271,J2,"piaskowce,łupki",MY38
271,1085,J1,"piaskowce,łupki",MY38
1085,1249,TRe,łupki pstre,MY38
1249,1509,Tk,łupki pstre,MY38
1509,1645,T2,"wapienie,łupki",MY38
1645,1663,Tp3,piaskowce,MY38
1663,2211,Tp2,"piaskowce,łupki",MY38
2211,2540.5,Tp1,"anhydryty,łupki",MY38
2540.5,2593,Na4,(nieokreślone),MY38
2593,2602,I4,"łupki,mułowce",MY38
2602,2707.6,Na3,(nieokreślone),MY38
2707.6,2712,A3,anhydryty,MY38
2712,2718,Ca3,dolomity,MY38
2718,2720.5,I3,łupki,MY38
2720.5,2723,A2G,anhydryty,MY38
2723,2816,Na2,(nieokreślone),MY38
2816,2821.5,A2,anhydryty,MY38
2821.5,2826.5,Ca2,dolomity,MY38
2826.5,2828,A1G,anhydryty,MY38
2828,2831.5,Na1G,(nieokreślone),MY38
2831.5,2999,A1S,anhydryty,MY38
2999,3027.5,Na1D,(nieokreślone),MY38
3027.5,3089,A1D,anhydryty,MY38
3089,3092,Ca1,(nieokreślone),MY38
3092,3093,I1,(nieokreślone),MY38
3093,3117.8,Ps,zlepieńce,MY38
0,38,Q,"gliny,piaski,żwiry",MY37
38,142.5,J3,iłowce,MY37
142.5,286,Jkl,mułowce,MY37
286,353,Jbt,iłowce,MY37
353,485.5,Jbj,mułowce,MY37
485.5,541.5,Ja,mułowce,MY37
541.5,1444.5,J1,piaskowce,MY37
1444.5,1542,TRe,iłowce,MY37
1542,1681.5,Tk3G,iłowce,MY37
1681.5,1698,Tk3T,iłowce,MY37
1698,1898.5,Tk3D,iłowce,MY37
1898.5,2027.5,Tk1,iłowce,MY37
2027.5,2187,T2,iłowce,MY37
2187,2425,T1,iłowce,MY37
2425,2427,A4G,anhydryty,MY37
2427,2482,Na4,(nieokreślone),MY37
2482,2483,A4D,anhydryty,MY37
2483,2506,I4,(nieokreślone),MY37
2506,2560,Na3,(nieokreślone),MY37
2560,2572.5,A3,anhydryty,MY37
2572.5,2579,Ca3,dolomity,MY37
2579,2581.5,A2G,anhydryty,MY37
2581.5,2802,Na2,(nieokreślone),MY37
2802,2901,A2,anhydryty,MY37
2901,2911,Ca2,dolomity,MY37
2911,2938,A1G,anhydryty,MY37
0,26,Q,(nieokreślone),MY33
26,55.5,Jto1,(nieokreślone),MY33
55.5,136,Jpl3,(nieokreślone),MY33
136,289,Jpl1,(nieokreślone),MY33
289,405,Js1,(nieokreślone),MY33
405,508.2,Js1,(nieokreślone),MY33
508.2,678.2,Jh,(nieokreślone),MY33
678.2,698,TRe3,(nieokreślone),MY33
698,816.5,TRe1,(nieokreślone),MY33
816.5,838,Tk3T,(nieokreślone),MY33
838,946,Tk3D,(nieokreślone),MY33
946,1009,Tk1,(nieokreślone),MY33
1009,1031.6,Tm3,(nieokreślone),MY33
1031.6,1066,Tm2,(nieokreślone),MY33
1066,1140.6,Tm1,(nieokreślone),MY33
1140.6,1312,Tp3,(nieokreślone),MY33
1312,1719,Tp2,(nieokreślone),MY33
1719,2057.5,Tp1,(nieokreślone),MY33
2057.5,2109,Na4,(nieokreślone),MY33
2109,2110,A4D,(nieokreślone),MY33
2110,2117,I4,(nieokreślone),MY33
2117,2207,Na3,(nieokreślone),MY33
2207,2225,A3,(nieokreślone),MY33
2225,2232.5,Ca3+I3,(nieokreślone),MY33
2232.5,2235,A2G,(nieokreślone),MY33
2235,2238,Na2G,(nieokreślone),MY33
2238,2282,Kz2,(nieokreślone),MY33
2282,2383,Na2D,(nieokreślone),MY33
2383,2398.5,A2,(nieokreślone),MY33
2398.5,2414.5,Ca2,(nieokreślone),MY33
2414.5,2631,Na1,(nieokreślone),MY33
2631,2715,A1D,(nieokreślone),MY33
2715,2720,Ca1,(nieokreślone),MY33
2720,2722.3,Ps,(nieokreślone),MY33
2722.3,2810.5,PaW,(nieokreślone),MY33
0,25,Q,"piaski różnoziarniste,żwiry,gliny",MY22
25,90,Jto1,iłowce szare zielone glaukonitowe,MY22
90,180,Jpl3,"piaskowce,mułowce,iłowce,węgle brunatne",MY22
180,339,Jpl1,"piaskowce,mułowce,iłowce,węgle brunatne",MY22
339,447,Js3,"piaskowce,mułowce,iłowce,węgle brunatne",MY22
447,526,Js1,"piaskowce,mułowce,iłowce,węgle brunatne",MY22
526,674,Jh3+Jh1,"piaskowce,mułowce,iłowce,węgle brunatne",MY22
674,739,TRe3,"iłowce,mułowce,piaskowce",MY22
739,811,TRe1,"iłowce,mułowce",MY22
811,936,Tk3D,"iłowce,gipsy",MY22
936,998,Tk1,"iłowce,mułowce,piaskowce",MY22
998,1018,Tm3,margle,MY22
1018,1065,Tm2,"wapienie,dolomity,margle",MY22
1065,1133,Tm1,"wapienie,dolomity",MY22
1133,1291,Tp3,"zlepieńce,piaskowce,iłowce,wapienie",MY22
1291,1708,Tp1,"piaskowce,mułowce",MY22
1708,2051.5,Tp1+ST,"iłowce,wapienie,piaskowce",MY22
2051.5,2076.5,IP,,MY22
2076.5,2117,Na4,,MY22
2117,2128,I4,,MY22
2128,2225,Na3,"sole kamienne,anhydryty",MY22
2225,2236.5,A3,,MY22
2236.5,2242,Ca3,,MY22
2242,2287,Na2,,MY22
2287,2296.5,A2,,MY22
2296.5,2340,Ca2,"dolomity,anhydryty",MY22
2340,2371,A1G,,MY22
0,34,Q,"piaski,żwiry,gliny",MY21
34,74,Jto1,iłowce glaukonitowe,MY21
74,165,Jpl3,"piaskowce,mułowce,iłowce,węgle brunatne",MY21
165,320,Jpl1,"iłowce,mułowce,piaskowce,węgle brunatne",MY21
320,421.5,Js3,"iłowce,mułowce,piaskowce,węgle brunatne",MY21
421.5,518,Js1,"iłowce,mułowce,piaskowce,węgle brunatne",MY21
518,625,Jh3+Jh1,"piaskowce,mułowce,iłowce,węgle brunatne",MY21
625,702.5,TRe3,"iłowce,mułowce,piaskowce",MY21
702.5,777,TRe1,"iłowce,mułowce,anhydryty",MY21
777,885,Tk3D,"iłowce,gipsy,anhydryty",MY21
885,953,Tk1,"iłowce,mułowce",MY21
953,979,Tm3,"margle,iłowce margliste",MY21
979,1010,Tm2,"wapienie,dolomity,margle",MY21
1010,1088,Tm1,"wapienie,dolomity,margle",MY21
1088,1239,Tp3,"piaskowce,iłowce,margle",MY21
1239,1669,Tp2,"iłowce,mułowce,piaskowce",MY21
1669,2011,Tp1+ST,"iłowce,mułowce,piaskowce,anhydryty,dolomity,wapienie",MY21
2011,2074.5,Na4,"sole kamienne,iły czerwone",MY21
2074.5,2089,I4,,MY21
2089,2201,Na3,"sole kamienne,anhydryty",MY21
2201,2205,A3,,MY21
2205,2234,Na2,,MY21
2234,2240,A2,,MY21
2240,2261,Ca2,,MY21
2261,2268.3,A1G,,MY21
0,31,Q,"gliny,piaski,żwiry",MY16
31,92,Jto,"piaskowce,łupki",MY16
92,189.5,Jpl3,"piaskowce,łupki",MY16
189.5,547,Jpl1,"łupki,piaskowce",MY16
547,692,Js+Jh,"piaskowce,łupki",MY16
692,824,TRe,łupki pstre,MY16
824,870,Tk3,łupki pstre,MY16
870,983,Tk1,"łupki,piaskowce,mułowce",MY16
983,1129,T2,"wapienie,łupki",MY16
1129,1273,Tp3,"piaskowce,łupki,mułowce",MY16
1273,1691,Tp2,"piaskowce,łupki,mułowce",MY16
1691,2018.5,Tp1,"łupki,piaskowce,mułowce",MY16
2018.5,2020,A4G,anhydryty,MY16
2020,2076,Na4,(nieokreślone),MY16
2076,2077.5,A4D,anhydryty,MY16
2077.5,2092,I4,łupki pstre,MY16
2092,2182.5,Na3,(nieokreślone),MY16
2182.5,2236,A3,anhydryty,MY16
2236,2242.5,Ca3,dolomity,MY16
2242.5,2244,A2G,anhydryty,MY16
2244,2296,Na2,(nieokreślone),MY16
2296,2306,A2,anhydryty,MY16
2306,2317.3,Ca2,dolomity,MY16
0,43,Q,"gliny,piaski,żwiry",MY14
43,672.5,J1,"łupki,piaskowce",MY14
672.5,838.5,TRe,"łupki,mułowce",MY14
838.5,1027.5,Tk3D,"łupki,piaskowce",MY14
1027.5,1140.5,Tk1,"łupki,mułowce",MY14
1140.5,1293.5,T2,"wapienie,dolomity",MY14
1293.5,1469.5,Tp3,"łupki,mułowce",MY14
1469.5,1950.5,Tp2,"piaskowce,łupki",MY14
1950.5,2304,Tp1,"łupki,mułowce",MY14
2304,2304.5,A4G,(nieokreślone),MY14
2304.5,2337.5,Na4,(nieokreślone),MY14
2337.5,2343,I4,(nieokreślone),MY14
2343,2355.5,Na3,(nieokreślone),MY14
2355.5,2439.5,A3,(nieokreślone),MY14
2439.5,2445.5,Ca3,(nieokreślone),MY14
2445.5,2450,A2G,(nieokreślone),MY14
2450,2507,Na2,(nieokreślone),MY14
2507,2511,A2,(nieokreślone),MY14
2511,2554.5,Ca2,dolomity,MY14
2554.5,2695,A1G,(nieokreślone),MY14
2695,2711,Na1G,(nieokreślone),MY14
2711,2737.5,A1S,(nieokreślone),MY14
2737.5,2741.5,Na1D,(nieokreślone),MY14
2741.5,2810.5,A1D,(nieokreślone),MY14
2810.5,2815,Ca1,(nieokreślone),MY14
2815,2815.5,I1,(nieokreślone),MY14
2815.5,3051,Pa,(nieokreślone),MY14
0,25,Q,"gliny,piaski,żwiry",MY13
25,85,Jto1,mułowce,MY13
85,131.5,Jpl3,"iłowce,mułowce,piaskowce",MY13
131.5,485.5,Jpl1,"iłowce,mułowce,piaskowce",MY13
485.5,638,Jh,"iłowce,mułowce,piaskowce",MY13
638,781,TRe,"iłowce,mułowce,piaskowce",MY13
781,941,Tk3D,iłowce,MY13
941,1022.5,Tk1,"iłołupki,piaskowce",MY13
1022.5,1155,T2,"wapienie,dolomity",MY13
1155,1311,Tp3,"piaskowce,iłowce",MY13
1311,1732.5,Tp2,"mułowce,piaskowce",MY13
1732.5,2054.5,Tp1,"iłowce,mułowce",MY13
2054.5,2056,A4G,anhydryty,MY13
2056,2089,Na4,sole,MY13
2089,2090,A4D,anhydryty,MY13
2090,2101.5,I4,(nieokreślone),MY13
2101.5,2205.5,Na3,sole,MY13
2205.5,2219.5,A3,anhydryty,MY13
2219.5,2228.5,Ca3,dolomity,MY13
2228.5,2230.5,A2G,anhydryty,MY13
2230.5,2308,Na2,sole,MY13
2308,2317,A2,anhydryty,MY13
2317,2349,Ca2,"dolomity,anhydryty",MY13
2349,2359,A1G,anhydryty,MY13
0,30,Q,"gliny,piaski,żwiry",MY12
30,88.5,Jto1,(nieokreślone),MY12
88.5,175,Jpl3,"piaskowce,łupki",MY12
175,511,Jpl1,"łupki,piaskowce",MY12
511,658,Jh,"piaskowce,łupki",MY12
658,810.5,TRe,"łupki,mułowce",MY12
810.5,868,Tk3D,"łupki,mułowce",MY12
868,1011.5,Tk1,"łupki,mułowce",MY12
1011.5,1142.5,T2,"wapienie,łupki",MY12
1142.5,1292,Tp3,"łupki,piaskowce",MY12
1292,1712.5,Tp2,"piaskowce,łupki",MY12
1712.5,2060,Tp1,"łupki,mułowce",MY12
2060,2061.5,A4G,anhydryty,MY12
2061.5,2112,Na4,(nieokreślone),MY12
2112,2113,A4D,anhydryty,MY12
2113,2128,I4,iłowce,MY12
2128,2221,Na3,(nieokreślone),MY12
2221,2237,A3,anhydryty,MY12
2237,2243,Ca3,dolomity,MY12
2243,2244.5,A2G,anhydryty,MY12
2244.5,2321.5,Na2,(nieokreślone),MY12
2321.5,2326.5,A2,anhydryty,MY12
2326.5,2357.5,Ca2,dolomity,MY12
2357.5,2531,A1G,anhydryty,MY12
2531,2576.5,Na1,(nieokreślone),MY12
2576.5,2653,A1D,anhydryty,MY12
2653,2658.5,Ca1,wapienie,MY12
2658.5,2672,Pa,zlepieńce,MY12
0,36,Q,"gliny,piaski,żwiry",MY11
36,693.5,J1,iłowce,MY11
693.5,812,TRe,iłowce,MY11
812,880.5,Tk3D,iłowce,MY11
880.5,988,Tk1,iłowce,MY11
988,1129.5,T2,"wapienie,dolomity",MY11
1129.5,1276,Tp3,piaskowce,MY11
1276,1698,Tp2,iłowce,MY11
1698,2034.5,Tp1,iłowce,MY11
2034.5,2098.5,Na4,(nieokreślone),MY11
2098.5,2099.5,A4D,anhydryty,MY11
2099.5,2110.5,I4,iłowce,MY11
2110.5,2203,Na3,(nieokreślone),MY11
2203,2218,A3,anhydryty,MY11
2218,2225.5,Ca3,dolomity,MY11
2225.5,2227,A2G,anhydryty,MY11
2227,2293,Na2,(nieokreślone),MY11
2293,2305.2,A2,anhydryty,MY11
2305.2,2305.6,Ca2,dolomity,MY11
0,31,Q,"gliny,piaski,żwiry",MY10
31,75,Jto1,iłowce,MY10
75,150,Jpl3,iłowce,MY10
150,529,Jpl1,mułowce,MY10
529,665,Js,mułowce,MY10
665,790,TRe,iłowce,MY10
790,863,Tk3D,iłowce,MY10
863,971.5,Tk1,iłowce,MY10
971.5,1106,T2,wapienie,MY10
1106,1258,Tp3,piaskowce,MY10
1258,1687.5,Tp2,iłowce,MY10
1687.5,2032,Tp1,iłowce,MY10
2032,2079.5,Na4,(nieokreślone),MY10
2079.5,2081,A4D,anhydryty,MY10
2081,2092,I4,(nieokreślone),MY10
2092,2171,Na3,(nieokreślone),MY10
2171,2211,A3,anhydryty,MY10
2211,2217,Ca3,dolomity,MY10
2217,2219.5,A2G,anhydryty,MY10
2219.5,2250,Na2,(nieokreślone),MY10
2250,2260.4,A2,anhydryty,MY10
2260.4,2260.7,Ca2,(nieokreślone),MY10
515,657.5,Js+Jh,"iłowce,mułowce,piaskowce,węgle brunatne,",MY32
0,23,Q,"gliny,piaski,żwiry",MY32
23,95.5,Jto1,iłowce,MY32
95.5,157.5,Jpl3,piaskowce,MY32
157.5,515,Jpl1,piaskowce,MY32
657.5,787.5,TRe,iłowce,MY32
787.5,900,Tk3,iłowce,MY32
900,966,Tk1,iłowce,MY32
966,1112,T2,"wapienie,dolomity",MY32
1112,1256.5,Tp3,piaskowce,MY32
1256.5,1690,Tp2,iłowce,MY32
1690,2034.5,Tp1,iłowce,MY32
2034.5,2035.5,A4G,(nieokreślone),MY32
2035.5,2042.5,Na4G,(nieokreślone),MY32
2093.5,2095,A4D,(nieokreślone),MY32
2095,2106.5,I4_1,(nieokreślone),MY32
2106.5,2194.5,Na3,(nieokreślone),MY32
2194.5,2256.5,Na2,(nieokreślone),MY32
2256.5,2268.6,A2,(nieokreślone),MY32
2268.6,2270,Ca2,dolomity,MY32
2042.5,2058,I4_2,,MY32
2058,2093.5,Na4D,,MY32
522.5,652,Js+Jh,"iłowce,mułowce,piaskowce,węgle brunatne",MY31
0,38,Q,"gliny,piaski,żwiry",MY31
38,70,Jto1,łupki,MY31
70,132,Jpl3,"piaskowce,łupki",MY31
132,522.5,Jpl1,"piaskowce,łupki",MY31
652,773.5,TRe,"łupki,piaskowce",MY31
773.5,849.5,Tk3,"łupki,piaskowce,gipsy,anhydryty",MY31
849.5,1007,Tk1,łupki,MY31
1007,1156,T2,"wapienie,łupki",MY31
1156,1323.5,Tp3,"piaskowce,łupki",MY31
1323.5,1780,Tp2,"piaskowce,łupki,mułowce",MY31
1780,2161,Tp1,"łupki,mułowce",MY31
2161,2162.5,A4G,(nieokreślone),MY31
2162.5,2171,Na4G,(nieokreślone),MY31
2237.5,2238.5,A4D,(nieokreślone),MY31
2238.5,2253.5,I4_1,(nieokreślone),MY31
2253.5,2380,Na3,(nieokreślone),MY31
2380,2399.5,A3,(nieokreślone),MY31
2399.5,2411,Ca3,(nieokreślone),MY31
2411,2412,A2G,(nieokreślone),MY31
2412,2468.5,Na2,(nieokreślone),MY31
2468.5,2474.7,A2,(nieokreślone),MY31
2474.7,2480.6,Ca2,dolomity,MY31
2171,2191.5,I4_2,,MY31
2191.5,2237.5,Na4D,,MY31
0,44,Q,"gliny,piaski",MY30
44,54.5,Jto3,"piaskowce,łupki",MY30
54.5,110,Jto1,"łupki,mułowce",MY30
110,192,Jpl3,"piaskowce,łupki,mułowce",MY30
192,546.5,Jpl1,"łupki,piaskowce,mułowce",MY30
546.5,686,Js+Jh,"piaskowce,łupki,mułowce",MY30
686,840,TRe,"łupki,piaskowce,mułowce",MY30
840,918,Tk3D,iłowce,MY30
918,1015.5,Tk1,"łupki,piaskowce,mułowce",MY30
1015.5,1147.5,T2,"wapienie,łupki",MY30
1147.5,1296.5,Tp3,"łupki,piaskowce,mułowce",MY30
1296.5,1717.5,Tp2,piaskowce,MY30
1717.5,2060,Tp1,"wapienie,łupki",MY30
2060,2061,A4G,(nieokreślone),MY30
2061,2131.5,Na4,(nieokreślone),MY30
2131.5,2132.5,A4D,(nieokreślone),MY30
2132.5,2148,I4,(nieokreślone),MY30
2148,2195.5,Na3,(nieokreślone),MY30
2195.5,2305,A3,(nieokreślone),MY30
2305,2313,Ca3,(nieokreślone),MY30
2313,2315,A2G,(nieokreślone),MY30
2315,2351,Na2,(nieokreślone),MY30
2351,2364,A2,(nieokreślone),MY30
2364,2390,Ca2,dolomity,MY30
2390,2590,A1G,(nieokreślone),MY30
2590,2658.5,Na1,(nieokreślone),MY30
2658.5,2702,A1D,(nieokreślone),MY30
2702,2706.7,Ca1,wapienie,MY30
2706.7,2707.5,I1,(nieokreślone),MY30
2707.5,3230,Pa,(nieokreślone),MY30
3230,3410,C3,"łupki,piaskowce,mułowce",MY30
522.5,671,Js+Jh,"iłowce,mułowce,piaskowce,,,",MY29
0,34,Q,"gliny,piaski,żwiry",MY29
34,44.5,Jto3,piaskowce,MY29
44.5,74,Jto1,iłowce,MY29
74,175,Jpl3,piaskowce,MY29
175,522.5,Jpl1,mułowce,MY29
671,808.5,TRe,iłowce,MY29
808.5,926,Tk3D,iłowce,MY29
926,981,Tk1,iłowce,MY29
981,1125,T2,iłowce,MY29
1125,1275,Tp3,piaskowce,MY29
1275,1720,Tp2,piaskowce,MY29
1720,2069.5,Tp1,iłowce,MY29
2069.5,2071,A4G,(nieokreślone),MY29
2071,2078.5,Na4G,(nieokreślone),MY29
2143,2144,A4D,(nieokreślone),MY29
2144,2158,I4_1,(nieokreślone),MY29
2158,2277.5,Na3,(nieokreślone),MY29
2277.5,2294,A3,(nieokreślone),MY29
2294,2297.5,Ca3,(nieokreślone),MY29
2297.5,2301,A2G,(nieokreślone),MY29
2301,2373.5,Na2,(nieokreślone),MY29
2373.5,2383,A2,anhydryty,MY29
2383,2408.5,Ca2,dolomity,MY29
2408.5,2420.6,A1G,anhydryty,MY29
2078.5,2100,I4_2,,MY29
2100,2143,Na4D,,MY29
525,672.5,Jh3+Jh1,"iłowce,mułowce,piaskowce,,",MY28
0,32,Q,"gliny,piaski,żwiry",MY28
32,89,Jto1,mułowce,MY28
89,172.5,Jpl3,piaskowce,MY28
172.5,525,Jpl1,piaskowce,MY28
672.5,798,TRe,iłowce,MY28
798,856,Tk3D,iłowce,MY28
856,959.5,Tk1,iłowce,MY28
959.5,1110,T2,"wapienie,dolomity",MY28
1110,1253.5,Tp3,"wapienie,piaskowce",MY28
1253.5,1677,Tp2,piaskowce,MY28
1677,2025.5,Tp1,iłowce,MY28
2026.5,2035,Na4G,(nieokreślone),MY28
2087,2088.5,A4D,(nieokreślone),MY28
2088.5,2097.5,I4_1,(nieokreślone),MY28
2097.5,2149,Na3,(nieokreślone),MY28
2149,2179,A3,(nieokreślone),MY28
2179,2184,Ca3,anhydryty,MY28
2184,2184.5,I3,(nieokreślone),MY28
2184.5,2185.5,A2G,(nieokreślone),MY28
2185.5,2236,Na2,(nieokreślone),MY28
2236,2246.3,A2,(nieokreślone),MY28
2246.3,2246.4,Ca2,anhydryty,MY28
2025.5,2026.5,A4G,,MY28
2035,2052.5,I4_2,,MY28
2052.5,2087,Na4D,,MY28
498,644,Jh3+Jh1,"iłowce,mułowce,piaskowce,",MY27
2015,2034.5,I4_2,,MY27
0,33,Q,gliny,MY27
33,75,Jto1,iłowce,MY27
75,147,Jpl3,piaskowce,MY27
147,498,Jpl1,piaskowce,MY27
644,778.5,TRe,iłowce,MY27
778.5,851.5,Tk3,iłowce,MY27
851.5,953,Tk1,iłowce,MY27
953,1099,T2,"wapienie,dolomity",MY27
1099,1249,Tp3,"piaskowce,zlepieńce",MY27
1249,1667.5,Tp2,piaskowce,MY27
1667.5,2009,Tp1,iłowce,MY27
2009,2009.5,A4G,(nieokreślone),MY27
2009.5,2015,Na4G,(nieokreślone),MY27
2071,2072,A4D,(nieokreślone),MY27
2072,2082.5,I4_1,(nieokreślone),MY27
2082.5,2157,Na3,(nieokreślone),MY27
2157,2176.5,A3,(nieokreślone),MY27
2176.5,2181,Ca3,dolomity,MY27
2181,2182,I3,(nieokreślone),MY27
2182,2183.5,A2G,(nieokreślone),MY27
2183.5,2239,Na2,(nieokreślone),MY27
2239,2248,A2,(nieokreślone),MY27
2248,2248.1,Ca2,dolomity,MY27
2034.5,2071,Na4D,,MY27
0,40,Q,"gliny,piaski,żwiry",MY26
40,57,Jto3,piaskowce,MY26
57,100,Jto1,iłowce,MY26
100,187.5,Jpl3,piaskowce,MY26
187.5,495.5,Jpl1,mułowce,MY26
495.5,655,Js+Jh,piaskowce,MY26
655,780,TRe,"łupki,mułowce",MY26
780,852.5,Tk3D,iłowce,MY26
852.5,969,Tk1,iłowce,MY26
969,1105,T2,"wapienie,łupki",MY26
1105,1262,Tp3,iłowce,MY26
1262,1681,Tp2,piaskowce,MY26
1681,2037.5,Tp1,iłowce,MY26
2037.5,2038.5,A4G,(nieokreślone),MY26
2038.5,2113.5,Na4,(nieokreślone),MY26
2113.5,2115,A4D,(nieokreślone),MY26
2115,2131,I4,(nieokreślone),MY26
2131,2254.5,Na3,(nieokreślone),MY26
2254.5,2275.5,A3,(nieokreślone),MY26
2275.5,2282.5,Ca3,(nieokreślone),MY26
2282.5,2285,A2G,(nieokreślone),MY26
2285,2344,Na2,(nieokreślone),MY26
2344,2352.5,A2,(nieokreślone),MY26
2352.5,2384,Ca2,dolomity,MY26
2384,2405,A1G,(nieokreślone),MY26
2041,2060,I4_2,,MY19
2060,2101.5,Na4D,,MY19
520,652.5,Jh3+Jh1,"iłowce,mułowce,piaskowce",MY19
0,21,Q,gliny,MY19
21,35,Jto3,piaskowce,MY19
35,87,Jto1,iłowce,MY19
87,148,Jpl3,piaskowce,MY19
148,297.5,Jpl1,piaskowce,MY19
297.5,520,Js,piaskowce,MY19
652.5,778,TRe,iłowce,MY19
778,893,Tk3,iłowce,MY19
893,956,Tk1,iłowce,MY19
956,1102,T2,"wapienie,dolomity",MY19
1102,1250.5,Tp3,"piaskowce,zlepieńce",MY19
1250.5,1687,Tp2,piaskowce,MY19
1687,2033.5,Tp1,iłowce,MY19
2033.5,2034,A4G,(nieokreślone),MY19
2034,2041,Na4G,(nieokreślone),MY19
2101.5,2103,A4D,(nieokreślone),MY19
2103,2120,I4_1,(nieokreślone),MY19
2120,2224.5,Na3,(nieokreślone),MY19
2224.5,2228,Ca3+I3,(nieokreślone),MY19
2228,2287.1,Na2,(nieokreślone),MY19
2287.1,2297.5,A2,(nieokreślone),MY19
2297.5,2299.6,Ca2,dolomity,MY19
0,21.5,Q,"piaski,żwiry,gliny",MY24
21.5,82,Jto1,"iłowce,mułowce szare zielone glaukonitowe",MY24
82,180,Jpl3,"piaskowce,mułowce,iłowce",MY24
180,335,Jpl1,"piaskowce,mułowce,iłowce",MY24
335,432,Js3,"piaskowce,mułowce,iłowce",MY24
432,525,Js1,"piaskowce,mułowce,iłowce",MY24
525,669,Jh3+Jh1,"piaskowce,mułowce,iłowce",MY24
669,728,TRe3,"iłowce,mułowce",MY24
728,795,TRe1,"iłowce,mułowce",MY24
795,926,Tk3D,"iłowce,mułowce",MY24
926,1113.5,Tk1,"iłowce,mułowce",MY24
1113.5,1137,Tm3,"margle,wapienie,dolomity",MY24
1137,1139,Tm2,"margle,wapienie,dolomity",MY24
1139,1150,Tm1,"margle,wapienie,dolomity",MY24
1150,1286,Tp3,"piaskowce,mułowce,margle",MY24
1286,1679,Tp2,"piaskowce,mułowce,iłowce",MY24
1679,2038.5,Tp1,"iłowce,mułowce,wapienie",MY24
2038.5,2044,IP,,MY24
2044,2045,A4G,,MY24
2045,2117.5,Na4+A4D,"sole kamienne,iłowce czerwone",MY24
2117.5,2137.5,I4,,MY24
2137.5,2238,Na3,,MY24
2238,2247.5,Ca3+I3,,MY24
2247.5,2312.5,Na2,,MY24
2312.5,2322,A2,,MY24
2322,2328.5,Ca2,,MY24
2245,2247,A4G,(nieokreślone),MY8
2247,2315.5,Na4,(nieokreślone),MY8
2315.5,2331,I4,(nieokreślone),MY8
2331,2400,Na3,(nieokreślone),MY8
2400,2491.5,A3,(nieokreślone),MY8
2491.5,2496,Ca3,(nieokreślone),MY8
2496,2502,A2G,(nieokreślone),MY8
2502,2579,Na2,(nieokreślone),MY8
2579,2584,A2,(nieokreślone),MY8
2584,2643.3,Ca2,dolomity,MY8
2643.3,2659.5,A1G,(nieokreślone),MY8
0,16,Q,"piaski,żwiry",MY8
16,93,Jbt,"łupki,piaskowce",MY8
93,131,Jbj3,"łupki,piaskowce",MY8
131,243.5,Jbj1,"piaskowce,łupki",MY8
243.5,264,Ja,"piaskowce,łupki",MY8
264,291,Jto3,"piaskowce,łupki",MY8
291,343.5,Jto1,"łupki,mułowce",MY8
343.5,441.5,Jpl3,"piaskowce,łupki",MY8
441.5,753,Jpl1,"łupki,piaskowce",MY8
753,993,Js+Jh,"łupki,piaskowce,mułowce",MY8
993,1051,TRe,"łupki,mułowce",MY8
1051,1156,Tk,"łupki,piaskowce,mułowce",MY8
1156,1301.5,T2,"wapienie,łupki",MY8
1301.5,1462.5,Tp3,"łupki,piaskowce,mułowce",MY8
1462.5,1895,Tp2,"piaskowce,łupki",MY8
1895,2245,Tp1,"łupki,piaskowce,mułowce",MY8
0,44.5,Q,"gliny,piaski,żwiry",MY7
44.5,99,J3,margle,MY7
99,282,Jkl,"wapienie,łupki",MY7
282,363.5,Jbt,mułowce,MY7
363.5,394,Jbj3,mułowce,MY7
394,535.5,Jbj1,mułowce,MY7
535.5,689,Jto3,"piaskowce,łupki",MY7
689,834,Jto1,"łupki,mułowce",MY7
834,907.5,Jpl3,piaskowce,MY7
907.5,1013.5,Jpl1,iłowce,MY7
1013.5,1179,Js+Jh,"wapienie,łupki",MY7
1179,1274,TRe,iłowce,MY7
1274,1319,Tk,"wapienie,łupki",MY7
1319,1477,T2,(nieokreślone),MY7
1477,1628,Tp3,"piaskowce,łupki",MY7
2347.5,2430,Z4,(nieokreślone),MY7
2430,2563,Na3,(nieokreślone),MY7
2563,2584,A3,(nieokreślone),MY7
2584,2588.5,Ca3,dolomity,MY7
2588.5,2591.5,A2G,(nieokreślone),MY7
2591.5,2847,Na2,(nieokreślone),MY7
2847,2850.5,A2,(nieokreślone),MY7
2850.5,2868,Ca2,"wapienie,dolomity",MY7
2868,2883,A1G,(nieokreślone),MY7
1628,2025,Tp2,,MY7
2025,2347.5,Tp1,,MY7
0,54,Q,"gliny,piaski,żwiry",MY6
54,67,Jkm,(nieokreślone),MY6
67,173.5,Jo,margle,MY6
173.5,290.5,Jkl,piaskowce,MY6
290.5,341,Jbt,iłowce,MY6
341,390,Jbj,iłowce,MY6
390,1045,J1,iłowce,MY6
1045,1080.5,Tk1,iłowce,MY6
1080.5,1243,T2,dolomity,MY6
1243,1270.5,Tp3,iłowce,MY6
1270.5,1774,Tp2,iłowce,MY6
1774,2110,Tp1,iłowce,MY6
2110,2167.5,Na4,(nieokreślone),MY6
2167.5,2176,A4D,(nieokreślone),MY6
2176,2183,I4,(nieokreślone),MY6
2183,2184,A3G,(nieokreślone),MY6
2184,2241.5,Na3G,(nieokreślone),MY6
2241.5,2255,Kz3,(nieokreślone),MY6
2255,2338,Na3D,(nieokreślone),MY6
2338,2350,A3,(nieokreślone),MY6
2350,2354,Ca3,(nieokreślone),MY6
2354,2859,A2,(nieokreślone),MY6
2859,2872,Ca2,wapienie,MY6
2872,2943,A1G,(nieokreślone),MY6
2943,3022,Na1,(nieokreślone),MY6
3022,3041.5,A1D,(nieokreślone),MY6
3041.5,3050,Ca1,(nieokreślone),MY6
3050,3050.5,I1,(nieokreślone),MY6
3050.5,3103,Ps,mułowce,MY6
3103,3116.7,Pa,(nieokreślone),MY6
0,38,Q,"gliny,piaski,żwiry",MY5
38,220,Tr,"piaski,żwiry",MY5
220,327.5,Jkm,"łupki,piaskowce",MY5
327.5,435,Jo,"wapienie,piaskowce",MY5
435,555,Jkl,piaskowce,MY5
555,604,Jbt,"łupki,piaskowce",MY5
604,656,Jbj,"łupki,piaskowce",MY5
656,846,J1,"piaskowce,łupki",MY5
846,873,Tk1,"łupki,piaskowce",MY5
873,1031,T2,"wapienie,łupki",MY5
1031,1067,Tp3,piaskowce,MY5
1067,1558,Tp2,"piaskowce,łupki",MY5
1558,1882,Tp1,iłowce,MY5
1882,1882.5,A4G,(nieokreślone),MY5
1882.5,1934,Na4,(nieokreślone),MY5
1934,1942.5,A4D,(nieokreślone),MY5
1942.5,1950,I4,(nieokreślone),MY5
1950,2097.5,Na3,(nieokreślone),MY5
2097.5,2118.5,A3,(nieokreślone),MY5
2118.5,2121,Ca3,dolomity,MY5
2121,2121.5,I3,(nieokreślone),MY5
2121.5,2127,A2G,(nieokreślone),MY5
2127,2890,Na2,(nieokreślone),MY5
2890,2893.5,A2,(nieokreślone),MY5
2893.5,2908.5,Ca2,wapienie,MY5
2908.5,2976,A1G,(nieokreślone),MY5
2976,3023,Na1,(nieokreślone),MY5
3023,3071.5,A1D,(nieokreślone),MY5
3071.5,3077.5,Ca1,wapienie,MY5
3077.5,3079,I1,(nieokreślone),MY5
3079,3116,Ps,mułowce,MY5
3116,3140,Pa,(nieokreślone),MY5
0,19.5,Q,"gliny,piaski,żwiry",MY4
19.5,397,J2,iłowce,MY4
397,427,Jto3,piaskowce,MY4
427,593.5,Jto1,iłowce,MY4
593.5,658,Jpl3,piaskowce,MY4
658,1039,Jpl1,iłowce,MY4
1039,1504,Js,"iłowce,mułowce",MY4
1504,1706.5,TRe,iłowce,MY4
1706.5,1926,Tk,iłowce,MY4
1926,2066,T2,wapienie,MY4
2066,2234.5,T1,iłowce,MY4
2234.5,2364.5,Z4,(nieokreślone),MY4
2364.5,2424,Na3,(nieokreślone),MY4
2424,2540.5,A3,(nieokreślone),MY4
2540.5,2543,Ca3,dolomity,MY4
2543,2546.5,I3,(nieokreślone),MY4
2546.5,2550.5,A2G,(nieokreślone),MY4
2550.5,2606,Na2,(nieokreślone),MY4
2606,2611.5,A2,(nieokreślone),MY4
2611.5,2688.5,Ca2,dolomity,MY4
2688.5,2732.5,A1G,(nieokreślone),MY4
0,18,Q,"gliny,piaski,żwiry",MY3
18,67.5,Jbt,"piaskowce,łupki",MY3
67.5,310,Jbj,"łupki,piaskowce,mułowce",MY3
310,331,Jto3,"piaskowce,łupki,mułowce",MY3
331,435.5,Jto1,"łupki,mułowce",MY3
435.5,556.5,Jpl3,"piaskowce,zlepieńce",MY3
556.5,807.5,Jpl1,"łupki,mułowce",MY3
807.5,1092.5,Js+Jh,"łupki,piaskowce,mułowce",MY3
1092.5,1172.5,TRe,"łupki,mułowce",MY3
1172.5,1263.5,Tk,"łupki,mułowce",MY3
1263.5,1412.5,T2,"łupki,mułowce",MY3
1412.5,1578.5,Tp3,"łupki,mułowce",MY3
1578.5,2039,Tp2,"łupki,piaskowce,mułowce",MY3
2039,2412.5,Tp1,"piaskowce,łupki,mułowce",MY3
2412.5,2413.5,A4G,(nieokreślone),MY3
2413.5,2502.5,Na4,(nieokreślone),MY3
2502.5,2503.5,A4D,(nieokreślone),MY3
2503.5,2532,I4,(nieokreślone),MY3
2532,2620,Na3,(nieokreślone),MY3
2620,2642,A3,(nieokreślone),MY3
2642,2649.5,Ca3,(nieokreślone),MY3
2649.5,2651.5,A2G,(nieokreślone),MY3
2651.5,2725.5,Na2,(nieokreślone),MY3
2725.5,2731.5,A2,(nieokreślone),MY3
2731.5,2814.7,Ca2,dolomity,MY3
2814.7,2840.5,A1G,(nieokreślone),MY3
0,54,Q,"gliny,piaski",MY2
54,189,J2,"iłowce,mułowce",MY2
189,1195,J1,"piaskowce,iłowce",MY2
1195,1273,TRe,iłowce,MY2
1273,1334,Tk3D,iłowce,MY2
1334,1398,Tk1,"iłowce,mułowce",MY2
1398,1563.5,T2,dolomity,MY2
1563.5,1706,Tp3,"piaskowce,iłowce",MY2
1706,2180,Tp2,"iłowce,mułowce,piaskowce",MY2
2180,2553.5,Tp1,"iłowce,mułowce",MY2
2553.5,2555,A4G,(nieokreślone),MY2
2555,2652.5,Na4,(nieokreślone),MY2
2652.5,2654,A4D,(nieokreślone),MY2
2654,2679,I4,(nieokreślone),MY2
2679,2731,Na3,(nieokreślone),MY2
2731,2762,A3,(nieokreślone),MY2
2762,2767.5,Ca3,(nieokreślone),MY2
2767.5,2770,A2G,(nieokreślone),MY2
2770,2829,Na2,(nieokreślone),MY2
2829,2837.5,A2,(nieokreślone),MY2
2837.5,2883.5,Ca2,dolomity,MY2
2883.5,2916,A1G,(nieokreślone),MY2
2793,3000,A1G,(nieokreślone),MY1
3000,3091.5,Na1,(nieokreślone),MY1
3091.5,3142,A1D,(nieokreślone),MY1
3142,3148.5,Ca1,(nieokreślone),MY1
3148.5,3150,I1,(nieokreślone),MY1
3150,3247,Ps,piaskowce,MY1
0,26,Q,"piaski,żwiry",MY1
26,119.5,J2,"iłowce,mułowce,piaskowce",MY1
119.5,1080,J1,"mułowce,piaskowce",MY1
1080,1159,TRe,"iłowce,wapienie",MY1
1159,1208.5,Tk3D,iłowce,MY1
1208.5,1235,Tk1,"iłowce,mułowce",MY1
1235,1388,T2,"iłowce,wapienie",MY1
1388,1534,Tp3,"mułowce,piaskowce",MY1
1534,2054,Tp2,"mułowce,piaskowce",MY1
2054,2427,Tp1,iłowce,MY1
2427,2520,Na4,(nieokreślone),MY1
2520,2548.5,I4,(nieokreślone),MY1
2548.5,2584,Na3,(nieokreślone),MY1
2584,2635,A3,(nieokreślone),MY1
2635,2728.5,Na2,(nieokreślone),MY1
2728.5,2740,A2,(nieokreślone),MY1
2740,2793,Ca2,dolomity,MY1
0,38,Q,"gliny,piaski,żwiry",MY17
38,70,Jto1,łupki,MY17
70,132,Jpl3,"piaskowce,łupki",MY17
132,514,Jpl1,"piaskowce,łupki",MY17
514,656,Js,"piaskowce,łupki",MY17
656,794,TRe,"łupki,piaskowce,mułowce",MY17
794,869,Tk3,"łupki,piaskowce,gipsy,anhydryty",MY17
869,1001.5,Tk1,"łupki,piaskowce,mułowce",MY17
1001.5,1147,T2,"wapienie,łupki",MY17
1147,1319.5,Tp3,"piaskowce,łupki",MY17
1319.5,1754.5,Tp2,piaskowce,MY17
1754.5,2089.5,Tp1,"łupki,piaskowce,mułowce",MY17
2089.5,2090.5,A4G,(nieokreślone),MY17
2090.5,2151.5,Na4,(nieokreślone),MY17
2151.5,2152.5,A4D,(nieokreślone),MY17
2152.5,2164,I4,(nieokreślone),MY17
2164,2262.5,Na3,(nieokreślone),MY17
2262.5,2280,A3,(nieokreślone),MY17
2280,2286,Ca3,(nieokreślone),MY17
2286,2287.5,A2G,(nieokreślone),MY17
2287.5,2348,Na2,(nieokreślone),MY17
2348,2353.9,A2,(nieokreślone),MY17
2353.9,2355.9,Ca2,dolomity,MY17
0,42,Q,"piaski,żwiry",MY87
42,233.5,J3,"iłowce,mułowce,piaskowce",MY87
233.5,331,Jkl,"iłowce,mułowce,piaskowce",MY87
331,390,Jbt,"iłowce,mułowce",MY87
390,451.5,Jbj,"iłowce,mułowce,piaskowce",MY87
451.5,611,Jto3,"iłowce,mułowce,piaskowce",MY87
611,649,Jto1,"iłowce,mułowce,piaskowce",MY87
649,752.5,Jpl3,"piaskowce,iłowce",MY87
752.5,1064.5,Jpl1,"iłowce,mułowce,piaskowce",MY87
1064.5,1227,Jh,"piaskowce,iłowce",MY87
1227,1337,TRe,"iłowce,mułowce",MY87
1337,1455,Tk,"iłowce,mułowce,piaskowce",MY87
1455,1595,T2,"iłowce,wapienie",MY87
1595,1750,Tp3,"iłowce,mułowce,piaskowce",MY87
1750,2142,Tp2,"iłowce,mułowce,piaskowce",MY87
2142,2505.5,Tp1,"iłowce,wapienie",MY87
2505.5,2506,A4G,(nieokreślone),MY87
2506,2586,Na4,(nieokreślone),MY87
2586,2587,A4D,(nieokreślone),MY87
2587,2599.5,I4,(nieokreślone),MY87
2599.5,2717.5,Na3,(nieokreślone),MY87
2717.5,2735.5,A3,(nieokreślone),MY87
2735.5,2742.5,Ca3,(nieokreślone),MY87
2742.5,2743.5,A2G,(nieokreślone),MY87
2743.5,2831,Na2,(nieokreślone),MY87
2831,2834.5,A2,(nieokreślone),MY87
2834.5,2895.5,Ca2,dolomity,MY87
2895.5,2902,A1G,(nieokreślone),MY87
0,34,Q,"gliny,piaski,żwiry",MY86
34,187.5,J3,"margle,wapienie",MY86
187.5,454.5,J2,"łupki,piaskowce",MY86
454.5,598.5,Jto3,"łupki,piaskowce",MY86
598.5,648,Jto1,"łupki,mułowce",MY86
648,750.5,Jpl3,"łupki,piaskowce",MY86
750.5,1052.5,Jpl1,"łupki,piaskowce",MY86
1052.5,1193.5,Js+Jh,"łupki,piaskowce",MY86
1193.5,1314.5,TRe,"łupki,mułowce",MY86
1314.5,1360,Tk3D,iłowce,MY86
1360,1415.5,Tk1,"łupki,piaskowce,mułowce",MY86
1415.5,1555,T2,"wapienie,łupki",MY86
1555,1710,Tp3,"łupki,piaskowce,mułowce",MY86
1710,2108.5,Tp2,"piaskowce,łupki,mułowce",MY86
2108.5,2448.5,Tp1,"wapienie,łupki",MY86
2448.5,2449.5,A4G,(nieokreślone),MY86
2449.5,2534,Na4,(nieokreślone),MY86
2534,2535,A4D,(nieokreślone),MY86
2535,2548,I4,(nieokreślone),MY86
2548,2676,Na3,(nieokreślone),MY86
2676,2690,A3,(nieokreślone),MY86
2690,2695,Ca3,(nieokreślone),MY86
2695,2696.5,A2G,(nieokreślone),MY86
2696.5,2798,Na2,(nieokreślone),MY86
2798,2849,A2,(nieokreślone),MY86
2849,2990.5,Ca2,dolomity,MY86
2990.5,3077.5,A1G,(nieokreślone),MY86
3077.5,3105,Na1,(nieokreślone),MY86
3105,3162,A1D,(nieokreślone),MY86
3162,3167,Ca1,dolomity,MY86
3167,3168,I1,(nieokreślone),MY86
3168,3231.5,Ps,zlepieńce,MY86
3231.5,3325,Pa,(nieokreślone),MY86
0,25,Q,"gliny,piaski,żwiry",MY85
25,43,Jto3,"piaskowce,łupki",MY85
43,79.5,Jto1,"łupki,mułowce",MY85
79.5,161,Jpl3,"piaskowce,łupki",MY85
161,533,Jpl1,"łupki,piaskowce,mułowce",MY85
533,658.5,Jh,"piaskowce,łupki",MY85
658.5,799,TRe,iłowce,MY85
799,934,Tk3,"anhydryty,łupki",MY85
934,1002,Tk1,"łupki,piaskowce,gipsy,anhydryty",MY85
1002,1137.5,T2,"wapienie,dolomity",MY85
1137.5,1294.5,Tp3,piaskowce,MY85
1294.5,1715,Tp2,"piaskowce,łupki",MY85
1715,2051.5,Tp1,"łupki,mułowce",MY85
2051.5,2052.5,A4G,(nieokreślone),MY85
2052.5,2094,Na4,(nieokreślone),MY85
2094,2095,A4D,(nieokreślone),MY85
2095,2120,I4,(nieokreślone),MY85
2120,2129.5,Na3G,(nieokreślone),MY85
2129.5,2225,Na3D,(nieokreślone),MY85
2225,2250.5,A3,(nieokreślone),MY85
2250.5,2256,Ca3,(nieokreślone),MY85
2256,2258.5,A2G,(nieokreślone),MY85
2258.5,2313,Na2,(nieokreślone),MY85
2313,2320.2,A2,anhydryty,MY85
2320.2,2329.4,Ca2,dolomity,MY85
